filename,mean_brightness,contrast_std,median,min,max,p5,p25,p75,p95,iqr,skewness,kurtosis,entropy,dark_ratio,bright_ratio,edge_count,edge_density,grid_edge_max,grid_edge_std,laplacian_var,label
IMG_20180513_164959951_HDR resized_448.jpg,122.0989990234375,25.43697862975369,120.0,43.0,240.0,83.0,105.0,138.0,168.0,33.0,0.3603040699779391,0.17068938352636698,6.68821281262443,0.00262451171875,0.0025634765625,432,0.0263671875,0.0849609375,0.030465776347278314,4438.953542470932,1
IMG_20180513_165129852_HDR resized_448.jpg,131.8291015625,20.02450812279786,133.0,31.0,223.0,97.0,121.0,144.0,162.0,23.0,-0.4382645575962093,1.5137104952912193,6.313745315900752,0.003662109375,0.00103759765625,268,0.016357421875,0.060546875,0.021783309598334334,2305.930605828762,1
IMG_20180513_165150613_HDR resized_448.jpg,121.1693115234375,24.44994279642912,120.0,11.0,224.0,82.0,108.0,133.0,165.0,25.0,0.08968118049430245,1.4106144701984995,6.571360584466905,0.0137939453125,0.00201416015625,687,0.04193115234375,0.11328125,0.0385795782687678,4008.860183324665,1
IMG_20180513_165345878_HDR resized_448.jpg,130.12054443359375,19.907579007746918,131.0,36.0,250.0,96.0,118.0,143.0,161.0,25.0,-0.12892574173416335,0.9352464899776813,6.3324754952289535,0.000732421875,0.00146484375,454,0.0277099609375,0.0927734375,0.02915794491926648,3269.568548902869,1
IMG_20180513_165349788_HDR resized_448.jpg,131.07855224609375,20.11561417278975,132.0,41.0,249.0,97.0,120.0,143.0,162.0,23.0,-0.06700919652942021,1.6807367297813434,6.32891111202831,0.00201416015625,0.00274658203125,494,0.0301513671875,0.0986328125,0.03295242809501103,3590.012954648584,1
IMG_20180513_165353081_HDR resized_448.jpg,136.02801513671875,21.62479980524579,138.0,4.0,245.0,98.0,126.0,148.0,166.0,22.0,-0.864541643010383,3.656196338004273,6.34350843440633,0.00799560546875,0.0037841796875,260,0.015869140625,0.0693359375,0.022702452805210337,3392.704407438636,1
IMG_20180513_165451567_HDR resized_448.jpg,129.537353515625,18.801808533461163,131.0,43.0,244.0,96.0,119.0,141.0,155.0,22.0,0.013264927420038208,2.789648143590977,6.179819892534077,0.00067138671875,0.00433349609375,199,0.01214599609375,0.0576171875,0.015693395646628413,2299.6848686002195,1
IMG_20180513_165455803_HDR resized_448.jpg,123.32891845703125,18.094037499124344,125.0,35.0,249.0,92.0,113.0,135.0,148.0,22.0,0.09493843766352021,3.414876904393094,6.12928817059432,0.0013427734375,0.00286865234375,174,0.0106201171875,0.0283203125,0.00958621202991351,2528.182434346527,1
IMG_20180513_165500303_HDR resized_448.jpg,125.1304931640625,16.524146715008705,127.0,40.0,247.0,96.0,116.0,136.0,148.0,20.0,-0.13205209698967235,2.550180123243643,6.012789839785996,0.00054931640625,0.00152587890625,68,0.004150390625,0.0146484375,0.005103648671964569,2089.548604235053,1
IMG_20180513_165512488_HDR resized_448.jpg,128.966796875,26.005433835234133,131.0,29.0,248.0,83.0,113.0,146.0,169.0,33.0,-0.24884064793876648,0.6030487242112499,6.710956884923738,0.00799560546875,0.00311279296875,283,0.01727294921875,0.07421875,0.022147521280919423,2741.9200456999242,1
IMG_20180513_165515651_HDR resized_448.jpg,125.1453857421875,21.924909151608386,125.0,21.0,248.0,88.0,113.0,137.0,162.0,24.0,0.05151899349690816,1.1830604558701543,6.45367507887662,0.00421142578125,0.00146484375,370,0.0225830078125,0.0830078125,0.02584635288549207,2378.5942656956613,1
IMG_20180513_165521775_HDR resized_448.jpg,125.30419921875,20.28510452930917,126.0,28.0,249.0,91.0,114.0,136.0,160.0,22.0,0.009865816829217179,1.5329469895208643,6.32458787811294,0.00262451171875,0.0010986328125,174,0.0106201171875,0.0478515625,0.01557102417264501,1930.2092798613012,1
IMG_20180513_165533492_HDR resized_448.jpg,126.390869140625,18.625266871684538,128.0,35.0,245.0,93.0,116.0,138.0,154.0,22.0,-0.26264247272925856,1.429287159946088,6.212182835674789,0.0013427734375,0.00103759765625,168,0.01025390625,0.0634765625,0.020443770913533516,2394.6747279018164,1
IMG_20180513_165538350_HDR resized_448.jpg,123.0159912109375,21.309532604636072,122.0,30.0,247.0,89.0,111.0,135.0,160.0,24.0,0.21628151059511005,1.4817503232545697,6.409565300805244,0.0037841796875,0.00238037109375,419,0.02557373046875,0.107421875,0.032215868013468006,3116.553524017334,1
IMG_20180513_165547907_HDR resized_448.jpg,120.40069580078125,20.0588100677051,119.0,35.0,245.0,90.0,107.0,132.0,155.0,25.0,0.46318641071102745,1.0655339231015626,6.332903286455418,0.00079345703125,0.00091552734375,188,0.011474609375,0.10546875,0.025732236568355545,1249.4567099660635,1
IMG_20180513_165706718_HDR resized_448.jpg,129.15203857421875,19.734941401077958,131.0,36.0,242.0,95.0,117.0,142.0,158.0,25.0,-0.20457117075075187,1.2325760877912435,6.3077813427926035,0.00128173828125,0.00146484375,241,0.01470947265625,0.0712890625,0.018874671825814916,3608.953636880964,1
IMG_20180513_165710583_HDR resized_448.jpg,129.999267578125,21.464408323055885,132.0,21.0,250.0,92.0,118.0,144.0,162.0,26.0,-0.4367807191069205,1.2729450020320474,6.4244095126301115,0.00421142578125,0.0010986328125,359,0.02191162109375,0.0947265625,0.027908955061673416,4451.276803731918,1
IMG_20180513_165717627_HDR resized_448.jpg,123.36328125,19.33588817859871,122.0,40.0,252.0,96.0,112.0,133.0,156.0,21.0,1.0183610010118416,4.399440133594481,6.204047660621708,0.000732421875,0.005126953125,99,0.00604248046875,0.0791015625,0.01933562538588652,2060.8985700011253,1
IMG_20180513_165733359_HDR resized_448.jpg,126.554443359375,18.59922358465186,127.0,40.0,244.0,96.0,115.0,139.0,156.0,24.0,0.009746430960823409,1.008840619164797,6.241491300877573,0.0008544921875,0.0010986328125,146,0.0089111328125,0.033203125,0.011471362364726722,2615.4296226501465,1
IMG_20180513_165741688_HDR resized_448.jpg,124.90863037109375,18.472847835602387,125.0,38.0,235.0,95.0,113.0,137.0,154.0,24.0,-0.04518603426577275,0.8902270893690027,6.231302964840962,0.00164794921875,0.00079345703125,154,0.0093994140625,0.0546875,0.016917641769768975,2341.5103480778635,1
IMG_20180513_165749116_HDR resized_448.jpg,128.09112548828125,17.502212732678025,129.0,35.0,239.0,98.0,116.75,140.0,154.0,23.25,-0.25732912595657614,0.7903809794932712,6.141579431671396,0.00091552734375,0.00054931640625,113,0.00689697265625,0.0595703125,0.01700757524765574,2408.4550154469907,1
IMG_20180513_170350654_HDR resized_448.jpg,129.5103759765625,16.01761846603562,132.0,27.0,227.0,99.0,121.0,140.0,151.0,19.0,-0.7207689399812326,1.7205405709349186,5.950123811658516,0.00079345703125,0.00054931640625,50,0.0030517578125,0.0185546875,0.005765803554013449,1595.3724563084543,1
IMG_20180513_170357440_HDR resized_448.jpg,130.92889404296875,15.297892748877405,134.0,45.0,227.0,102.0,123.0,141.0,150.0,18.0,-0.9251832817496625,2.0591126881760466,5.843039083849482,0.00048828125,0.00030517578125,12,0.000732421875,0.005859375,0.0019378061360336358,1102.8693518005311,1
IMG_20180513_170406108_HDR resized_448.jpg,125.6365966796875,18.086719233629985,128.0,24.0,248.0,94.0,116.0,136.25,148.0,20.25,0.055154912686974235,4.534411634298466,6.0609368974401985,0.002685546875,0.00396728515625,81,0.00494384765625,0.0791015625,0.01914743963884282,1159.238730430603,1
IMG_20180513_170430826_HDR resized_448.jpg,126.4013671875,13.879597460656445,126.0,55.0,245.0,104.0,118.0,134.0,150.0,16.0,0.406247600535038,2.947285372431729,5.782015673705307,0.0001220703125,0.00091552734375,62,0.0037841796875,0.01953125,0.005468695504053251,1269.7792571149766,1
IMG_20180513_170453882_HDR resized_448.jpg,115.23406982421875,15.307938060530766,115.0,55.0,243.0,91.0,106.0,124.0,141.0,18.0,0.5399278290392899,3.1326956006208206,5.929973866207805,0.0003662109375,0.0009765625,106,0.0064697265625,0.025390625,0.00835000198958139,1465.5172729492188,1
IMG_20180513_170500983_HDR resized_448.jpg,113.0,14.539240914407722,113.0,46.0,235.0,90.0,105.0,121.0,138.0,16.0,0.43118913983157464,2.7880815787886295,5.841667843523664,0.00079345703125,0.00054931640625,150,0.0091552734375,0.0302734375,0.010118590739966076,1266.705773293972,1
IMG_20180513_170515937_HDR resized_448.jpg,116.38775634765625,14.882826000492852,117.0,58.0,246.0,92.0,107.0,126.0,139.0,19.0,0.36007974924423836,3.8857613082075257,5.889887936326353,0.0001220703125,0.0010986328125,70,0.0042724609375,0.017578125,0.006184761982858106,1698.889799579978,1
IMG_20180513_170526931_HDR resized_448.jpg,116.197998046875,16.666748300789546,116.0,3.0,250.0,91.0,108.0,124.0,139.0,16.0,0.4369811039300725,8.031800086172572,5.905011757886494,0.00482177734375,0.00225830078125,253,0.01544189453125,0.1767578125,0.04239228841440524,1488.3666288517416,1
IMG_20180513_170535927_HDR resized_448.jpg,111.77978515625,15.124478346916371,112.0,26.0,250.0,89.0,103.0,120.0,135.0,17.0,0.7303717107916887,7.379359018128172,5.844892844786399,0.00299072265625,0.00177001953125,172,0.010498046875,0.0478515625,0.012939453125,1613.3940926752985,1
IMG_20180513_170700279_HDR resized_448.jpg,118.2122802734375,16.1848447561545,118.0,53.0,233.0,92.0,109.0,127.0,144.0,18.0,0.2783862595637438,2.0021376966389894,6.01233172306157,0.00054931640625,0.00048828125,233,0.01422119140625,0.0634765625,0.016478927037473685,2194.7404093407094,1
IMG_20180513_170710091_HDR resized_448.jpg,119.301025390625,19.999324547269378,120.0,31.0,234.0,86.0,108.0,131.0,151.0,23.0,-0.06601638664583385,1.4125115115058149,6.330758834418667,0.00543212890625,0.001220703125,569,0.03472900390625,0.1240234375,0.037530963750505165,3263.76113941893,1
IMG_20180513_170718753_HDR resized_448.jpg,120.1405029296875,20.594153902075565,121.0,34.0,240.0,84.0,107.0,134.0,152.0,27.0,-0.2257678079495524,0.5998363607100159,6.38784692607406,0.00445556640625,0.0006103515625,429,0.02618408203125,0.1337890625,0.03576342467692966,3419.093587860465,1
IMG_20180513_170728853_HDR resized_448.jpg,119.8653564453125,17.437305695039118,120.0,22.0,233.0,91.0,110.0,130.0,147.0,20.0,-0.1939062352773659,2.0554353069526963,6.113293597460508,0.003173828125,0.00067138671875,263,0.01605224609375,0.0634765625,0.0197224792182398,2527.777996595949,1
IMG_20180513_170746398_HDR resized_448.jpg,124.06787109375,19.125572090069507,125.0,38.0,244.0,92.0,113.0,136.0,154.0,23.0,-0.24436357634413042,0.9634026779728306,6.27651027850092,0.0030517578125,0.00048828125,150,0.0091552734375,0.0322265625,0.011335462627283827,2516.7870738357306,1
IMG_20180513_170844630_HDR resized_448.jpg,110.3575439453125,30.26095761673543,111.0,20.0,225.0,60.0,88.0,132.0,159.0,44.0,0.028109275314144328,-0.46260416758877465,6.942171531778597,0.045654296875,0.0009765625,3520,0.21484375,0.3232421875,0.06296177979315451,7377.736216958612,1
IMG_20180514_164920326_HDR resized_448.jpg,117.312744140625,19.614540372697807,118.0,26.0,227.0,84.0,106.0,130.0,148.0,24.0,-0.15241877612311933,0.9636335368251157,6.3100768766913475,0.00445556640625,0.00054931640625,259,0.01580810546875,0.0693359375,0.020572288519689848,2641.264922142029,1
IMG_20180514_164936208_HDR resized_448.jpg,125.2117919921875,25.84194687655702,126.0,22.0,240.0,81.0,108.0,143.0,164.0,35.0,-0.17264057866293106,0.33969850063894924,6.71648994340847,0.00970458984375,0.0029296875,610,0.0372314453125,0.1396484375,0.04772043752028454,3523.0025364123285,1
IMG_20180514_164944000_HDR resized_448.jpg,132.61260986328125,28.359605537546784,138.0,17.0,239.0,75.0,120.0,151.0,170.0,31.0,-0.8269261574831652,0.8903042686252141,6.731422131446222,0.01910400390625,0.00335693359375,715,0.04364013671875,0.1318359375,0.04933056769668237,3597.9375710338354,1
IMG_20180514_164949995_HDR resized_448.jpg,126.85369873046875,25.73241624567886,128.0,26.0,224.0,80.0,111.0,146.0,164.0,35.0,-0.3755318755689283,0.331015847873271,6.694322030928158,0.01068115234375,0.002197265625,647,0.03948974609375,0.1376953125,0.04305462492258352,3045.042541012168,1
IMG_20180514_164955695_HDR resized_448.jpg,122.77838134765625,30.893543487529914,126.0,5.0,248.0,70.0,102.0,144.0,168.0,42.0,-0.1340508209078638,0.2945896984066949,6.958212648373545,0.02655029296875,0.00933837890625,1684,0.102783203125,0.2353515625,0.07117316871916075,5064.7959307692945,1
IMG_20180514_165008040_HDR resized_448.jpg,113.2413330078125,22.300624587938174,114.0,13.0,252.0,75.0,101.0,126.0,145.0,25.0,0.16761672403651098,2.6432241759799266,6.444413062198537,0.01568603515625,0.00323486328125,579,0.03533935546875,0.1005859375,0.032980170328447626,3421.898203458637,1
IMG_20180514_165031728_HDR resized_448.jpg,117.454345703125,24.432174344995154,117.0,27.0,236.0,78.0,101.0,134.0,158.0,33.0,0.0762446455443386,0.27932790698387633,6.644605129518428,0.009521484375,0.001220703125,799,0.04876708984375,0.1455078125,0.04559023845816501,3785.456670191139,1
IMG_20180514_165039112_HDR resized_448.jpg,114.6920166015625,23.51655147127841,114.0,23.0,235.0,78.0,99.0,129.0,154.0,30.0,0.30757552663217713,0.8628330878849542,6.57607774643437,0.0084228515625,0.00225830078125,748,0.045654296875,0.1279296875,0.0407290666323683,4124.623153686523,1
IMG_20180514_165050302_HDR resized_448.jpg,126.324462890625,27.554025362483017,128.0,8.0,252.0,78.0,110.0,145.0,168.0,35.0,-0.2501503061939374,0.6924009314313322,6.8001650368049935,0.014892578125,0.00390625,1194,0.0728759765625,0.25,0.06990942391295851,4960.871749397367,1
IMG_20180514_165115894_HDR resized_448.jpg,118.76483154296875,29.149071848765164,117.0,11.0,238.0,72.0,100.0,137.0,168.0,37.0,0.17287621541509268,0.42208315115829276,6.89286234784748,0.02001953125,0.0057373046875,1274,0.0777587890625,0.2490234375,0.06592328085511284,4258.901539828628,1
IMG_20180514_165152754_HDR resized_448.jpg,122.85528564453125,23.97472307096664,124.0,24.0,239.0,84.0,107.0,139.0,160.0,32.0,-0.145311667851333,0.3894026914335056,6.605379151356358,0.007568359375,0.001220703125,316,0.019287109375,0.125,0.03171479750187153,3152.4036585353315,1
IMG_20180514_165211442_HDR resized_448.jpg,126.489990234375,29.74949566930555,127.0,16.0,236.0,77.0,107.0,147.0,174.0,40.0,-0.07767519576934943,0.03585906227552105,6.930553495893262,0.01300048828125,0.00628662109375,891,0.05438232421875,0.2080078125,0.06503928130058624,4853.293425559998,1
IMG_20180514_165217078_HDR resized_448.jpg,124.767333984375,27.452983909031605,126.0,5.0,251.0,79.0,107.0,143.0,167.0,36.0,-0.23490626382792357,0.6023543207840878,6.802426302421052,0.0145263671875,0.003173828125,760,0.04638671875,0.1669921875,0.05129510151042538,4473.00882801041,1
IMG_20180514_165228668_HDR resized_448.jpg,136.7442626953125,27.14566022293073,138.0,3.0,253.0,92.0,122.0,153.0,178.0,31.0,-0.5380458578517126,2.1196434882189887,6.736608688887046,0.01214599609375,0.010009765625,713,0.04351806640625,0.123046875,0.0431251713155025,4807.055265188217,1
IMG_20180514_165245540_HDR resized_448.jpg,132.0968017578125,25.422850310227744,133.0,15.0,246.0,90.0,117.0,147.0,173.0,30.0,-0.11048197638283706,1.07519379670138,6.679419731175122,0.007568359375,0.00726318359375,1105,0.06744384765625,0.169921875,0.05150553562218348,4368.966925170273,1
IMG_20180514_165251954_HDR resized_448.jpg,130.5897216796875,22.631009794462752,131.0,6.0,240.0,93.0,119.0,143.0,166.0,24.0,-0.28511511906282805,2.114605246292217,6.466868662756871,0.0079345703125,0.00384521484375,795,0.04852294921875,0.1083984375,0.03752262505837766,3556.1370816081762,1
IMG_20180514_165259100 resized_448.jpg,136.69921875,26.57097262622712,137.0,23.0,244.0,92.0,121.0,152.0,181.0,31.0,-0.031129757490600943,0.844497688266002,6.741662903795282,0.0052490234375,0.01397705078125,1164,0.071044921875,0.2353515625,0.06924862804499814,4024.336858689785,1
IMG_20180514_165302026_HDR resized_448.jpg,130.110107421875,23.774077236056094,130.0,22.0,236.0,90.0,117.0,143.0,170.0,26.0,-0.08473721679490356,1.3320525030120702,6.561932656678635,0.00616455078125,0.0042724609375,870,0.0531005859375,0.1845703125,0.05084210197717977,4223.585140462965,1
IMG_20180514_165307482_HDR resized_448.jpg,128.10406494140625,22.240478630781563,128.0,14.0,239.0,92.0,115.0,141.0,166.0,26.0,0.04049731086529073,1.1802540095320682,6.477141190460101,0.00384521484375,0.00262451171875,662,0.0404052734375,0.10546875,0.039311758146579175,4119.52239523828,1
IMG_20180514_165340357_HDR resized_448.jpg,130.3284912109375,22.3664794524004,130.0,28.0,253.0,93.0,119.0,142.0,166.0,23.0,0.09279916065690626,2.464970930691397,6.447445844314485,0.00469970703125,0.004638671875,585,0.03570556640625,0.11328125,0.03820776406109848,4601.4985720179975,1
IMG_20180514_165358823_HDR resized_448.jpg,130.9725341796875,29.235572989948214,130.0,5.0,252.0,84.0,113.0,149.0,181.0,36.0,0.0636060308591239,0.630081456913341,6.892101329564216,0.0120849609375,0.01300048828125,1879,0.11468505859375,0.220703125,0.06658907574700644,7215.795422017574,1
IMG_20180514_165411841_HDR resized_448.jpg,129.77410888671875,30.8706318244395,129.0,10.0,244.0,81.0,110.0,149.0,183.0,39.0,0.11190399389404472,0.4711192798087098,6.9717086317133905,0.0125732421875,0.01702880859375,2651,0.16180419921875,0.2578125,0.06591138453625774,7503.151944454759,1
IMG_20180514_165427375_HDR resized_448.jpg,134.38336181640625,24.478609803600786,135.0,22.0,230.0,94.0,120.0,149.0,174.0,29.0,-0.21102104521738285,1.004732816780753,6.62441262105353,0.00592041015625,0.00543212890625,769,0.04693603515625,0.15234375,0.038618183432610476,5331.138532400131,1
IMG_20180514_165444055_HDR resized_448.jpg,133.7630615234375,20.83528015700351,134.0,29.0,238.0,99.0,122.0,146.0,167.0,24.0,-0.1673009288556858,1.172779600775602,6.390344866920511,0.00189208984375,0.0020751953125,391,0.02386474609375,0.1806640625,0.04605914449439334,4303.000291213393,1
IMG_20180514_165457873_HDR resized_448.jpg,133.00640869140625,26.45064030421368,133.0,7.0,233.0,90.0,118.0,149.0,176.0,31.0,-0.1964497193381923,1.020477056496822,6.7390138161027595,0.0091552734375,0.0067138671875,959,0.05853271484375,0.173828125,0.05129797010504823,6424.564926769584,1
IMG_20180514_165505511_HDR resized_448.jpg,131.87506103515625,27.43935212500871,133.0,25.0,238.0,84.0,116.0,149.0,175.0,33.0,-0.26766367605179825,0.6308998117966804,6.795331594093596,0.01129150390625,0.00640869140625,1623,0.09906005859375,0.23046875,0.07646160776591522,6528.5256499014795,1
IMG_20180514_165529728_HDR resized_448.jpg,125.72955322265625,21.997756358550653,125.0,26.0,238.0,91.0,113.0,138.0,162.0,25.0,0.0561466311864098,1.439151136605223,6.453364540420739,0.00604248046875,0.0023193359375,611,0.03729248046875,0.0908203125,0.029325788853011698,4613.809623565525,1
IMG_20180514_165535720_HDR resized_448.jpg,126.1251220703125,20.04390551211161,125.0,28.0,240.0,96.0,114.0,138.0,160.0,24.0,0.2773195821781815,1.400582526270691,6.325426789489908,0.002197265625,0.0020751953125,337,0.02056884765625,0.060546875,0.022570714955556133,4227.3199028372765,1
IMG_20180514_165710828_HDR resized_448.jpg,132.456787109375,27.21711906403916,133.0,3.0,248.0,88.0,116.0,149.0,176.0,33.0,-0.27286967817550034,1.21639911559686,6.774587230186938,0.0113525390625,0.00634765625,1309,0.07989501953125,0.1484375,0.044106716871824506,5868.706959005445,1
IMG_20180514_165717791_HDR resized_448.jpg,138.434326171875,26.121767956381692,139.0,6.0,250.0,96.0,124.0,154.0,179.0,30.0,-0.5667034731537804,2.02739337732463,6.686358961588254,0.01025390625,0.00714111328125,825,0.05035400390625,0.1171875,0.03781574952530854,5450.498024880886,1
IMG_20180514_165724162_HDR resized_448.jpg,136.759521484375,27.773056777726776,138.0,8.0,232.0,90.0,122.0,154.0,180.0,32.0,-0.5395941207070396,1.5513825237874954,6.78212580478989,0.0140380859375,0.00836181640625,1331,0.08123779296875,0.21484375,0.07017692104213438,5742.6159608364105,1
IMG_20180514_165731332_HDR resized_448.jpg,140.7357177734375,33.957147550235625,141.0,1.0,253.0,85.0,122.0,161.0,196.0,39.0,-0.35895597177995203,1.2298573234131744,7.078866150631189,0.02044677734375,0.0380859375,3105,0.18951416015625,0.294921875,0.053861061450483305,5774.948735460639,1
IMG_20180514_165740460_HDR resized_448.jpg,128.8856201171875,24.698204824223215,127.0,16.0,252.0,91.0,114.0,142.0,172.0,28.0,0.2755514397917938,1.242641762717045,6.625146005991904,0.0048828125,0.00640869140625,1156,0.070556640625,0.1806640625,0.04584971337514829,5090.285052880645,1
IMG_20180514_165746314_HDR resized_448.jpg,138.70849609375,29.01987988936125,139.0,3.0,248.0,91.15000000000009,123.0,156.0,187.0,33.0,-0.38584970306003624,1.534862675967986,6.845859097126507,0.01409912109375,0.0159912109375,1686,0.1029052734375,0.1865234375,0.054740743603615714,6082.813295304775,1
IMG_20180514_165751038_HDR resized_448.jpg,139.51513671875,27.958109714525282,140.0,3.0,245.0,91.0,126.0,156.0,183.0,30.0,-0.6283991538734234,1.9697134977071444,6.761226214212339,0.01416015625,0.01171875,1471,0.08978271484375,0.208984375,0.058073114956458796,5230.6286529153585,1
IMG_20180514_165757436_HDR resized_448.jpg,140.87841796875,26.922160438800034,141.0,8.0,239.0,97.0,126.0,156.0,184.0,30.0,-0.45500113785108515,1.8393269162804247,6.727888345699093,0.0103759765625,0.01300048828125,1145,0.06988525390625,0.1875,0.054050516498278696,5994.002847220749,1
IMG_20180514_165811955_HDR resized_448.jpg,135.74224853515625,29.963126871159737,136.0,2.0,245.0,85.0,119.0,154.0,185.0,35.0,-0.3039927306063812,0.9390554087666692,6.914305462778897,0.0142822265625,0.01434326171875,1976,0.12060546875,0.234375,0.06956594223183868,6415.583707436919,1
IMG_20180514_165823466_HDR resized_448.jpg,141.91229248046875,33.58803272960362,143.0,1.0,248.0,83.0,124.0,162.0,196.0,38.0,-0.4795401964287073,1.0928439380031332,7.060629524772514,0.02081298828125,0.0360107421875,2478,0.1512451171875,0.279296875,0.07887735498724352,6651.641051199287,1
IMG_20180514_165831579_HDR resized_448.jpg,138.53887939453125,26.81652572331553,141.0,6.0,235.0,90.0,125.0,155.0,179.0,30.0,-0.6246893781624204,1.5269830556784,6.720891111793284,0.0115966796875,0.0078125,1320,0.08056640625,0.2119140625,0.06580846662922889,5289.27473610267,1
IMG_20180514_165837194_HDR resized_448.jpg,140.5509033203125,27.702694875828076,143.0,7.0,241.0,88.0,127.0,158.0,181.0,31.0,-0.8189883483269175,1.6435369011693144,6.742223483935907,0.01422119140625,0.0064697265625,1253,0.07647705078125,0.181640625,0.06266354977329364,5882.10164418444,1
IMG_20180514_165847101_HDR resized_448.jpg,139.7398681640625,28.39064791520474,143.0,3.0,252.0,88.0,126.0,157.0,180.0,31.0,-0.8589549175258329,1.8733168753903175,6.777103891871882,0.01654052734375,0.00738525390625,1107,0.06756591796875,0.2138671875,0.06773326793676727,5635.118494257331,1
IMG_20180514_170008541_HDR resized_448.jpg,143.6763916015625,29.67729905773558,145.0,1.0,252.0,95.0,131.0,160.0,188.0,29.0,-0.979064152248862,3.5874495524252223,6.763534355820415,0.021240234375,0.021728515625,1311,0.08001708984375,0.2314453125,0.0604527572557549,4655.338478028774,1
IMG_20180514_170015428_HDR resized_448.jpg,140.77215576171875,31.944671919646684,144.0,3.0,243.0,79.0,128.0,159.0,187.0,31.0,-0.9358183119748634,2.1837611169918523,6.896014384199838,0.02655029296875,0.01922607421875,1763,0.10760498046875,0.234375,0.08084942208185583,5278.2349158376455,1
IMG_20180514_170026184_HDR resized_448.jpg,131.99139404296875,24.53918784113173,132.0,5.0,245.0,93.0,119.0,146.0,172.0,27.0,-0.218517510916427,1.9829725822705733,6.590930461057114,0.010009765625,0.0057373046875,1024,0.0625,0.1689453125,0.04822132725234281,5006.355185136199,1
IMG_20180514_170032562_HDR resized_448.jpg,123.77105712890625,24.97935944234873,121.0,6.0,245.0,88.0,108.0,138.0,169.0,30.0,0.4196981079890556,1.1520941666630833,6.6314232177855885,0.00518798828125,0.0050048828125,1284,0.078369140625,0.1474609375,0.036810221266367786,5221.195888519287,1
IMG_20180514_170039467_HDR resized_448.jpg,123.21051025390625,24.052393563148637,121.0,11.0,236.0,88.0,108.0,137.0,166.0,29.0,0.1731514667307967,1.1971527148745995,6.582583639584589,0.0084228515625,0.0025634765625,1168,0.0712890625,0.1357421875,0.04374547662511739,5048.860244687647,1
IMG_20180514_170051550_HDR resized_448.jpg,145.947998046875,30.66587245288924,147.0,3.0,250.0,93.0,133.0,163.0,192.0,30.0,-0.9530155478589942,3.221604210284748,6.820475795605066,0.02099609375,0.02728271484375,951,0.05804443359375,0.1474609375,0.05201968038648869,5053.967547085136,1
IMG_20180514_170055705_HDR resized_448.jpg,136.51171875,24.535133239123105,136.0,5.0,236.0,98.0,124.0,150.0,175.0,26.0,-0.6647878427050847,2.928260097446988,6.536506091545521,0.01318359375,0.0047607421875,701,0.04278564453125,0.12109375,0.04843127149098257,4557.972149312496,1
IMG_20180514_170100812_HDR resized_448.jpg,136.79241943359375,25.25397485065805,137.0,6.0,237.0,95.0,124.0,152.0,177.0,28.0,-0.5634239029712609,2.0151840141003063,6.616457300838123,0.0118408203125,0.0054931640625,934,0.0570068359375,0.1435546875,0.05468736376064224,4611.7648903392255,1
IMG_20180514_170105907_HDR resized_448.jpg,130.55865478515625,24.94317471553322,130.0,26.0,233.0,89.0,116.0,145.0,173.0,29.0,-0.03331751711246261,0.7255638599106957,6.657008881324346,0.006103515625,0.00396728515625,1275,0.07781982421875,0.1884765625,0.06733743549490417,5265.760372161865,1
IMG_20180514_170122537_HDR resized_448.jpg,134.4049072265625,27.19380970857159,133.0,7.0,239.0,90.0,119.0,150.0,182.0,31.0,-0.07492424630901005,1.0217194175043849,6.757883805245898,0.00927734375,0.0115966796875,1790,0.1092529296875,0.21875,0.05591286718911886,4820.572348918766,1
IMG_20180514_170137161_HDR resized_448.jpg,123.48590087890625,27.221782380667314,122.0,8.0,253.0,81.0,107.0,139.0,172.0,32.0,0.28460542772622854,1.0078953090747031,6.771561053071123,0.0106201171875,0.00714111328125,2288,0.1396484375,0.25390625,0.05244990729222864,5228.140528619289,1
IMG_20180514_170144972_HDR resized_448.jpg,120.67681884765625,23.259272549010987,118.0,12.0,236.0,88.0,106.0,133.0,164.0,27.0,0.5098560142520215,0.9829999301078263,6.515120117174103,0.0040283203125,0.001953125,1368,0.08349609375,0.1552734375,0.042224331072516524,4655.671853482723,1
IMG_20180514_170158322_HDR resized_448.jpg,130.1322021484375,28.71245388230534,130.0,13.0,234.0,84.0,112.0,148.0,178.0,36.0,-0.03671509374731166,0.5054430166329884,6.868153568206095,0.011474609375,0.009521484375,1530,0.0933837890625,0.2734375,0.07798821873212143,5078.115609109402,1
IMG_20180514_170217038_HDR resized_448.jpg,121.86175537109375,21.847828934364045,119.0,22.0,238.0,92.0,108.0,133.0,163.0,25.0,0.44692135290514495,1.3756332314421336,6.413990149509949,0.00531005859375,0.00146484375,772,0.047119140625,0.2021484375,0.05486649783229383,4266.645119652152,1
IMG_20180514_170355485_HDR resized_448.jpg,135.13934326171875,34.51535522130795,136.0,3.0,254.0,76.0,115.0,156.0,190.0,41.0,-0.21138496738128099,0.8262032491347773,7.119649328900667,0.02362060546875,0.0279541015625,3497,0.21343994140625,0.265625,0.03737659613923273,5844.650284707546,1
IMG_20180514_170400947 resized_448.jpg,130.37908935546875,42.23327123223365,131.0,2.0,250.0,55.0,105.0,157.0,201.0,52.0,-0.17531452404798545,0.05661700322712804,7.4152029334733935,0.05859375,0.05059814453125,4219,0.25750732421875,0.3232421875,0.04857566417204687,7694.105783224106,1
IMG_20180514_170411390_HDR resized_448.jpg,141.5771484375,34.12085068457268,143.0,3.0,252.0,80.0,124.0,163.0,194.0,39.0,-0.5607315026887667,1.134419935600775,7.077950910487081,0.0244140625,0.0340576171875,2500,0.152587890625,0.2783203125,0.06959549582475161,5462.977656003088,1
IMG_20180514_170416728_HDR resized_448.jpg,143.64898681640625,33.13144498325627,147.0,3.0,252.0,82.0,128.0,163.0,193.0,35.0,-0.8006814406699887,1.762993736332886,6.992104984152217,0.022705078125,0.0277099609375,1922,0.1173095703125,0.21875,0.06908263020987825,4851.632849633694,1
IMG_20180514_170423229_HDR resized_448.jpg,144.329833984375,36.39641730914169,148.0,1.0,248.0,73.0,127.0,166.0,197.0,39.0,-0.7956338574209094,1.4157290901628858,7.125218345818578,0.03167724609375,0.040771484375,2449,0.14947509765625,0.2919921875,0.06298777853595114,4568.253149971366,1
IMG_20180514_170638485_HDR resized_448.jpg,131.8111572265625,23.74497752257402,132.0,6.0,245.0,94.0,118.0,146.0,170.0,28.0,-0.1626000168368785,1.3747993460626553,6.5749141250822305,0.0072021484375,0.00506591796875,468,0.028564453125,0.09375,0.02685435899695711,4533.017226219177,1
IMG_20180514_170646586_HDR resized_448.jpg,132.249755859375,18.850657547668142,132.0,43.0,246.0,104.0,121.0,144.0,163.0,23.0,0.165296433141864,1.9775213406639818,6.2362210355837,0.0013427734375,0.0025634765625,176,0.0107421875,0.0595703125,0.016984889776295007,3172.7896716445684,1
IMG_20180514_170703597_HDR resized_448.jpg,129.613525390625,22.632604636889365,129.5,41.0,237.0,93.0,114.0,145.0,167.0,31.0,-0.018481060305545246,0.04890801051052529,6.538903481651708,0.00177001953125,0.000732421875,790,0.0482177734375,0.1181640625,0.03937841461150218,3804.6731852144003,1
IMG_20180514_170708710_HDR (1) resized_448.jpg,134.29833984375,22.96386230261051,135.0,44.0,213.0,96.0,120.0,150.0,170.0,30.0,-0.3402322564947209,0.44430505036707313,6.5402388156870455,0.00384521484375,0.000732421875,685,0.04180908203125,0.1298828125,0.039383475511657225,3489.4676056951284,1
IMG_20180514_170708710_HDR resized_448.jpg,134.29833984375,22.96386230261051,135.0,44.0,213.0,96.0,120.0,150.0,170.0,30.0,-0.3402322564947209,0.44430505036707313,6.5402388156870455,0.00384521484375,0.000732421875,685,0.04180908203125,0.1298828125,0.039383475511657225,3489.4676056951284,1
IMG_8404 resized_448.jpg,172.28106689453125,18.238372337516644,172.0,106.0,246.0,142.0,160.0,185.0,203.0,25.0,0.011683944535012987,-0.010352079760586719,6.229719049980611,0.0,0.0625,0,0.0,0.0,0.0,2768.4869899600744,1
IMG_8405 resized_448.jpg,127.561767578125,14.940526406306525,127.0,76.0,219.0,104.0,118.0,137.0,152.0,19.0,0.22136280707453135,0.591821059168975,5.932230408071563,0.0,0.0006103515625,45,0.00274658203125,0.021484375,0.006207308398733832,1800.9862956404686,1
IMG_8406 resized_448.jpg,128.26348876953125,13.792931731802875,127.0,81.0,221.0,107.0,119.0,136.0,152.0,17.0,0.43658792627345944,0.9861654174320105,5.80401973711028,0.0,0.00048828125,25,0.00152587890625,0.0166015625,0.004325752324067364,1731.5874850712717,1
IMG_8407 resized_448.jpg,129.21087646484375,17.44025519685474,129.0,68.0,224.0,101.0,117.0,141.0,158.0,24.0,0.05670224783215836,-0.15684463764524148,6.161423692470559,0.0,0.000244140625,110,0.0067138671875,0.0458984375,0.013286611933202278,2087.217733800411,1
IMG_8412 resized_448.jpg,149.0848388671875,25.416179536850674,148.0,67.0,236.0,108.0,131.0,166.0,193.0,35.0,0.16315552823704957,-0.13963880751059943,6.7020151045748815,0.0,0.02532958984375,251,0.01531982421875,0.078125,0.022260267048036766,5134.616630401462,1
IMG_8413 resized_448.jpg,151.24017333984375,27.17607958536532,151.0,67.0,234.0,106.0,132.0,171.0,196.0,39.0,-0.009387838720907746,-0.4270902387449569,6.796200024251746,0.0,0.03179931640625,324,0.019775390625,0.095703125,0.0291673978078119,5958.427619695663,1
IMG_8414 resized_448.jpg,154.79571533203125,23.7116843210439,155.0,80.0,233.0,116.0,138.0,171.0,194.0,33.0,0.041335325404479845,-0.3108325588742873,6.603734347333194,0.0,0.0255126953125,33,0.00201416015625,0.0244140625,0.0059649180749285855,4893.669559419155,1
IMG_8415 resized_448.jpg,153.0078125,28.45264127300234,153.0,65.0,248.0,105.0,134.0,173.0,199.0,39.0,-0.11381979309513124,-0.3072039836604752,6.861320571818684,0.0,0.0419921875,802,0.0489501953125,0.13671875,0.03895688083137307,6643.366408765316,1
IMG_8416 resized_448.jpg,149.16558837890625,25.56047487624061,149.0,71.0,245.0,107.0,132.0,167.0,192.0,35.0,0.060319425461244594,-0.17600008253729582,6.712061036576017,0.0,0.02349853515625,328,0.02001953125,0.0869140625,0.027780585676903176,5696.51054334268,1
IMG_8417 resized_448.jpg,137.0283203125,36.41244654496025,138.0,34.0,249.0,76.0,111.0,164.0,195.0,53.0,-0.09575759642542044,-0.5224555676098808,7.204505582733192,0.0159912109375,0.03204345703125,648,0.03955078125,0.125,0.03330708105733029,8307.495018150657,1
IMG_8418 resized_448.jpg,137.67767333984375,34.7293866548012,139.0,35.0,241.0,80.0,112.0,164.0,193.0,52.0,-0.13816277392106507,-0.5277981316282512,7.133799229687401,0.0120849609375,0.02349853515625,308,0.018798828125,0.099609375,0.02375200965811256,7047.666117127985,1
IMG_8419 resized_448.jpg,130.4027099609375,38.17664512356326,131.0,32.0,252.0,67.0,102.0,159.0,192.0,57.0,-0.03786529056514638,-0.5666794310188537,7.272395093287375,0.03057861328125,0.02581787109375,1869,0.11407470703125,0.1845703125,0.044567827628539475,9779.302878320217,1
IMG_8423 resized_448.jpg,133.42218017578125,11.643468559264614,133.0,84.0,237.0,115.0,126.0,141.0,153.0,15.0,0.1709591346597023,1.1670365881461864,5.569998114475597,0.0,0.000244140625,14,0.0008544921875,0.013671875,0.0033094340116518453,1069.7665027938783,1
IMG_8424 resized_448.jpg,183.09619140625,11.462576043678562,183.0,127.0,250.0,164.0,176.0,190.0,202.0,14.0,-0.04079633753522345,0.7168280940667358,5.55146336253381,0.0,0.06170654296875,0,0.0,0.0,0.0,1083.53472077474,1
IMG_8426 resized_448.jpg,172.11688232421875,22.29339985065516,171.0,72.0,246.0,137.0,158.0,185.0,214.0,27.0,0.2056429689118475,0.32314538998369313,6.481869157369827,0.0,0.11187744140625,54,0.0032958984375,0.0234375,0.007388027710631841,3563.7175573073328,1
IMG_8428 resized_448.jpg,168.39483642578125,22.26623464510996,169.0,76.0,248.0,131.0,154.0,183.0,205.0,29.0,-0.056435517130357035,0.2664273435865141,6.5120125179993495,0.0,0.07135009765625,17,0.00103759765625,0.0166015625,0.004018598442720098,4314.653615470976,1
IMG_8429 resized_448.jpg,123.663818359375,42.89003607826801,126.0,29.0,244.0,49.0,93.0,156.0,191.0,63.0,-0.09727555831956776,-0.6932058388951292,7.400527718160048,0.0904541015625,0.0269775390625,4226,0.2579345703125,0.328125,0.05784626052329775,17350.81721412763,1
IMG_8430 resized_448.jpg,128.47998046875,41.43932157571922,131.0,27.0,242.0,54.15000000000009,99.0,160.0,192.0,61.0,-0.2073923718573613,-0.6163389100683418,7.361855386539059,0.06695556640625,0.025146484375,3527,0.21527099609375,0.3125,0.0667749993715247,17523.131532665342,1
IMG_8431 resized_448.jpg,131.08978271484375,39.94222888794229,136.0,24.0,231.0,56.0,105.0,161.0,190.0,56.0,-0.40431962558023365,-0.37680229690765676,7.298325927002871,0.05841064453125,0.0194091796875,2779,0.16961669921875,0.3037109375,0.09000926734974299,15716.88680082187,1
IMG_8432 resized_448.jpg,148.95379638671875,37.46528505782921,154.0,43.0,247.0,79.0,124.0,177.0,203.0,53.0,-0.3893561666556155,-0.4674739148303755,7.203908241490863,0.00628662109375,0.06353759765625,697,0.04254150390625,0.1181640625,0.03788818469497066,7940.58323680982,1
IMG_8433 resized_448.jpg,146.3895263671875,31.628373440851384,148.0,47.0,245.0,90.0,126.0,168.0,196.0,42.0,-0.21586962030246612,-0.1766344053464417,7.007801255832277,0.0025634765625,0.036376953125,994,0.0606689453125,0.1494140625,0.03985834041555253,9560.11196687445,1
IMG_8434 resized_448.jpg,150.5950927734375,31.791161807697275,151.0,46.0,248.0,95.0,130.0,172.0,201.0,42.0,-0.17091686780905926,-0.13969217922240018,7.020517017801601,0.0020751953125,0.0523681640625,841,0.05133056640625,0.1396484375,0.040559640907070205,9595.83249252662,1
IMG_8435 resized_448.jpg,147.6837158203125,31.188549948842272,148.0,49.0,252.0,95.0,127.0,169.0,199.0,42.0,-0.08876786013123436,-0.1423682361996632,6.9953696546820225,0.00128173828125,0.0440673828125,699,0.04266357421875,0.103515625,0.03019007618891657,9550.591619666666,1
IMG_8436 resized_448.jpg,144.10479736328125,34.46824627681786,143.0,33.0,252.0,87.15000000000009,120.0,167.0,203.0,47.0,0.04810519358205624,-0.25141016078004297,7.137281734020359,0.0042724609375,0.056884765625,993,0.06060791015625,0.1708984375,0.04660908455267453,9766.951697349548,1
IMG_8437 resized_448.jpg,140.88507080078125,33.77934071515104,139.0,38.0,253.0,86.0,118.0,164.0,199.0,46.0,0.13790179618731307,-0.27396209955579964,7.1058523236543145,0.00408935546875,0.046630859375,786,0.0479736328125,0.1533203125,0.04529038909237918,9099.49235900864,1
IMG_8438 resized_448.jpg,139.8349609375,37.41973158525508,140.0,28.0,249.0,77.0,114.0,167.0,199.0,53.0,-0.10616072857856443,-0.43968583755083035,7.249368519330228,0.0155029296875,0.04583740234375,1610,0.0982666015625,0.251953125,0.06721265011629293,11268.75037048757,1
IMG_8439 resized_448.jpg,145.8826904296875,35.544189914905935,147.0,37.0,249.0,86.0,121.0,172.0,203.0,51.0,-0.10937420346613864,-0.4276573091007605,7.176845667933176,0.005859375,0.05950927734375,1041,0.06353759765625,0.150390625,0.03706834432122349,10121.264465332031,1
IMG_8440 resized_448.jpg,145.42120361328125,35.74145941357533,147.0,40.0,246.0,84.0,121.0,171.0,202.0,50.0,-0.17287837290421848,-0.4129035488004398,7.180294888341553,0.0076904296875,0.05548095703125,1443,0.08807373046875,0.1533203125,0.04903304017386894,11144.132825102657,1
IMG_8441 resized_448.jpg,128.26702880859375,39.686751614623866,131.0,21.0,236.0,58.0,101.0,157.0,190.0,56.0,-0.19179256435224706,-0.4292780543268937,7.323139684254648,0.05426025390625,0.02392578125,3986,0.2432861328125,0.33984375,0.045603841552458446,12539.412009239197,1
IMG_8442 resized_448.jpg,143.3572998046875,39.3191353816697,145.0,30.0,248.0,74.0,117.0,172.0,205.0,55.0,-0.21997014711070006,-0.3857486039116029,7.3147124666607795,0.0203857421875,0.066650390625,3154,0.1925048828125,0.318359375,0.06702616194330054,11634.953283071518,1
IMG_8443 resized_448.jpg,134.13861083984375,38.06071377458877,136.0,28.0,243.0,68.0,108.0,161.0,195.0,53.0,-0.13991947974386706,-0.3860788638326458,7.271722715875425,0.028076171875,0.03387451171875,3426,0.2091064453125,0.27734375,0.051835918872085364,11522.510323103517,1
IMG_8444 resized_448.jpg,153.84130859375,34.513619122430605,157.0,50.0,252.0,91.0,131.0,179.0,206.0,48.0,-0.3037228090084681,-0.30181613545483943,7.121725498438076,0.0015869140625,0.07763671875,2155,0.13153076171875,0.2294921875,0.05876208602079443,9567.780256256461,1
IMG_8445 resized_448.jpg,150.0093994140625,33.575673327356974,153.0,47.0,246.0,89.0,128.0,174.0,202.0,46.0,-0.3084887157743929,-0.2680750654703612,7.0786913358887205,0.00225830078125,0.05548095703125,1746,0.1065673828125,0.208984375,0.05127403602791315,10550.595119222999,1
IMG_8446 resized_448.jpg,154.5595703125,35.77340581608852,158.0,46.0,250.0,89.15000000000009,130.0,181.0,208.0,51.0,-0.3268879935024858,-0.4642180815164161,7.1565741729338015,0.0010986328125,0.086181640625,1287,0.07855224609375,0.1982421875,0.05872581222438565,8997.698913838714,1
IMG_8447 resized_448.jpg,146.0712890625,37.64531799171967,149.0,45.0,250.0,80.0,119.0,175.0,203.0,56.0,-0.21936201939287508,-0.6607423982355791,7.224107163094862,0.00439453125,0.059326171875,1259,0.07684326171875,0.20703125,0.05908376517785907,7773.176027059555,1
IMG_8449 resized_448.jpg,124.85186767578125,40.01711477944846,115.0,47.0,253.0,75.0,93.0,152.0,201.0,59.0,0.6953786281139055,-0.4199169841163193,7.16335736280179,0.002685546875,0.05255126953125,1134,0.0692138671875,0.2197265625,0.066995919793707,4516.155322492123,1
IMG_8453 resized_448.jpg,154.4593505859375,33.57166327670107,157.0,59.0,247.0,94.0,131.0,180.0,204.0,49.0,-0.3064384071038275,-0.5222674834311554,7.063859631308721,6.103515625e-05,0.07073974609375,3303,0.20159912109375,0.2822265625,0.05115194005176929,6501.152329530567,1
IMG_8455 resized_448.jpg,152.0003662109375,32.342944205884415,154.0,50.0,247.0,95.0,130.0,176.0,201.0,46.0,-0.2591429023012845,-0.44108939311424367,7.0263255982801684,0.00048828125,0.0518798828125,1977,0.12066650390625,0.205078125,0.04679987768815433,8482.600993599743,1
IMG_8456 resized_448.jpg,154.74737548828125,34.86872824845599,158.0,55.0,248.0,93.0,130.0,181.0,207.0,51.0,-0.28257938228896934,-0.5354649834641476,7.123034306632714,0.00115966796875,0.0853271484375,2677,0.16339111328125,0.2509765625,0.04574848597527988,7299.203260328621,1
IMG_8462 resized_448.jpg,131.47265625,15.608737142091234,132.0,56.0,188.0,106.0,122.0,141.0,156.0,19.0,-0.2866978311766386,0.9846445533814645,5.9855371957752315,0.00030517578125,0.0,13,0.00079345703125,0.0126953125,0.003073045867962428,2699.1889062970877,1
IMG_8463 resized_448.jpg,170.73687744140625,19.888757213355873,172.0,71.0,230.0,138.0,158.0,184.0,201.0,26.0,-0.4801725473741145,0.9458607082357142,6.327366790351998,0.0,0.05438232421875,0,0.0,0.0,0.0,3954.4227316342294,1
IMG_8464 resized_448.jpg,172.6556396484375,17.22429498769897,173.0,74.0,226.0,144.0,163.0,184.0,200.0,21.0,-0.4528494560991229,1.2318439377395487,6.116769116033487,0.0,0.047119140625,11,0.00067138671875,0.005859375,0.0017846913473160944,3061.1670509539545,1
IMG_8465 resized_448.jpg,173.4127197265625,20.39814754259547,175.0,68.0,236.0,138.0,161.75,187.0,204.0,25.25,-0.652033618315635,1.0756556391210417,6.344376601732444,0.0,0.0736083984375,35,0.00213623046875,0.029296875,0.0070608469792451806,3943.709829673171,1
IMG_8466 resized_448.jpg,170.93597412109375,19.29519830274618,172.0,68.0,230.0,138.0,160.0,184.0,200.0,24.0,-0.5985626924172247,1.1198519529428381,6.272454940894434,0.0,0.046142578125,32,0.001953125,0.0302734375,0.007316076203013524,3820.887144651264,1
IMG_8467 resized_448.jpg,172.94720458984375,17.41134303990534,174.0,80.0,226.0,143.0,163.0,185.0,199.0,22.0,-0.6673446218619616,1.4748284208940943,6.115694568593252,0.0,0.03985595703125,12,0.000732421875,0.01171875,0.0028366577242730103,3196.0234609805048,1
IMG_8468 resized_448.jpg,164.4559326171875,34.335204400014455,173.0,53.0,227.0,92.0,150.0,189.0,207.0,39.0,-0.9138099396150372,-0.006487937850172987,6.8533263891338105,0.000244140625,0.098876953125,673,0.04107666015625,0.109375,0.045811957193466216,3666.5778174065053,1
IMG_8469 resized_448.jpg,168.987548828125,13.88084375979875,169.0,94.0,223.0,145.0,160.0,178.0,191.0,18.0,-0.28425211880271267,0.4573310169946976,5.825924202508519,0.0,0.00750732421875,0,0.0,0.0,0.0,2278.6864755153656,1
IMG_8470 resized_448.jpg,170.37213134765625,19.099154876343622,172.0,87.0,227.0,136.0,158.0,184.0,199.0,26.0,-0.41937434408456664,0.18754189928004106,6.274153641849956,0.0,0.04046630859375,13,0.00079345703125,0.0126953125,0.003073045867962428,4167.324794586748,1
IMG_8471 resized_448.jpg,171.39453125,19.288111227935484,173.0,82.0,236.0,138.0,159.0,185.0,201.0,26.0,-0.3918541179214408,0.13123784750152012,6.289996753987334,0.0,0.05206298828125,0,0.0,0.0,0.0,4335.229262735695,1
IMG_8472 resized_448.jpg,170.73773193359375,19.841978319838404,172.0,86.0,237.0,136.0,158.0,185.0,201.0,27.0,-0.3820608136289862,0.07717839026697693,6.330962712938009,0.0,0.0523681640625,13,0.00079345703125,0.0126953125,0.003073045867962428,4470.0090119838715,1
IMG_8473 resized_448.jpg,169.95831298828125,22.008973844173713,172.0,68.0,230.0,132.0,155.0,186.0,204.0,31.0,-0.33038611935058515,-0.0870752558006016,6.481866177131728,0.0,0.07293701171875,30,0.0018310546875,0.017578125,0.004617744218598081,4726.366656061262,1
IMG_8474 resized_448.jpg,134.9901123046875,14.262857408395815,135.0,60.0,240.0,112.0,126.0,144.0,157.0,18.0,0.11590857069336143,2.2550514547850176,5.838678708505469,0.0,0.00115966796875,95,0.00579833984375,0.03515625,0.010127974544209164,1849.7954711578786,1
IMG_8475 resized_448.jpg,177.54083251953125,18.89361451971039,179.0,83.0,251.0,145.0,166.0,190.0,206.0,24.0,-0.3777084046665344,0.8793164305147849,6.25772230992421,0.0,0.0955810546875,67,0.00408935546875,0.0263671875,0.007382731361548805,2773.2760877013206,1
IMG_8476 resized_448.jpg,176.83282470703125,19.6423886484295,178.0,91.0,251.0,143.0,165.0,190.0,207.0,25.0,-0.30999226983178035,0.5200154485277726,6.319966917221768,0.0,0.09967041015625,69,0.00421142578125,0.02734375,0.007632811734717808,2908.6932769082487,1
IMG_8477 resized_448.jpg,180.56243896484375,15.744721269684142,181.0,95.0,251.0,154.0,171.0,191.0,205.0,20.0,-0.4506662753007641,1.1085831273441933,5.990290064870672,0.0,0.08734130859375,0,0.0,0.0,0.0,2426.0757410377264,1
IMG_8478 resized_448.jpg,189.7030029296875,15.316706238805091,190.0,99.0,252.0,164.0,181.0,200.0,213.0,19.0,-0.40930325581996363,1.301419343463543,5.949284373856258,0.0,0.23114013671875,0,0.0,0.0,0.0,1888.4546200297773,1
IMG_8479 resized_448.jpg,181.2750244140625,18.842232040057173,182.0,77.0,252.0,149.0,170.0,194.0,210.0,24.0,-0.43107050260544544,1.033249120966194,6.249060448391532,0.0,0.14361572265625,23,0.00140380859375,0.0224609375,0.005436927304856603,2551.207450952381,1
IMG_8480 resized_448.jpg,187.66558837890625,17.602425492617378,188.0,109.0,252.0,158.0,177.0,199.0,215.0,22.0,-0.24415925352817752,0.7311830577072813,6.161889297912505,0.0,0.22113037109375,32,0.001953125,0.0224609375,0.005704746799583947,1733.893819000572,1
IMG_8481 resized_448.jpg,181.9979248046875,18.49339701077798,183.0,98.0,252.0,151.0,170.0,195.0,211.0,25.0,-0.25514072964458184,0.40562304230052204,6.238357948726211,0.0,0.1524658203125,24,0.00146484375,0.0234375,0.005673315448546021,2472.9087057113647,1
IMG_8483 resized_448.jpg,180.89312744140625,19.362073349942754,182.0,103.0,251.0,147.0,169.0,195.0,210.0,26.0,-0.37285739112860916,0.2266016151280299,6.295035409851793,0.0,0.1510009765625,0,0.0,0.0,0.0,3093.5625690072775,1
IMG_8484 resized_448.jpg,181.87786865234375,19.679237190866633,183.0,96.0,251.0,147.0,170.0,196.0,212.0,26.0,-0.33156125339344283,0.1982214581760613,6.324559855852268,0.0,0.17266845703125,0,0.0,0.0,0.0,3434.1528196185827,1
IMG_8485 resized_448.jpg,183.57379150390625,19.183820497399658,185.0,94.0,250.0,150.0,171.0,197.0,213.0,26.0,-0.33330554826987285,0.2623255867455754,6.288629634108467,0.0,0.18963623046875,0,0.0,0.0,0.0,3409.2906025014818,1
IMG_8486 resized_448.jpg,175.7376708984375,18.55325242726928,177.0,89.0,250.0,144.0,164.0,189.0,205.0,25.0,-0.2667086161602285,0.25555774396954156,6.244655723485753,0.0,0.08123779296875,0,0.0,0.0,0.0,2997.2663312517107,1
IMG_8487 resized_448.jpg,172.18475341796875,20.40997607785878,173.0,83.0,249.0,138.0,159.0,186.0,204.0,27.0,-0.2363459734869581,0.12295728388623539,6.38309518902965,0.0,0.0753173828125,16,0.0009765625,0.0107421875,0.002783631408933442,3139.8417708724737,1
IMG_8488 resized_448.jpg,183.27471923828125,18.805569491267725,184.0,96.0,249.0,151.0,171.0,196.0,212.84999999999854,25.0,-0.245231841890959,0.17086640725796665,6.2653871339200435,0.0,0.181640625,0,0.0,0.0,0.0,2649.449472066015,1
IMG_8489 resized_448.jpg,171.96868896484375,19.909853814039447,172.0,74.0,243.0,138.0,159.0,186.0,204.0,27.0,-0.17994182804214923,0.13858767444366382,6.350685653765257,0.0,0.07147216796875,13,0.00079345703125,0.0126953125,0.003073045867962428,2986.400443300605,1
IMG_8490 resized_448.jpg,177.4815673828125,18.571586766975813,178.0,83.0,246.0,146.0,166.0,190.0,207.0,24.0,-0.22257062880208733,0.3501797709737322,6.247194468620027,0.0,0.1014404296875,24,0.00146484375,0.0185546875,0.004567452864714284,2873.2262756489217,1
IMG_8491 resized_448.jpg,185.3134765625,14.121711246818254,186.0,110.0,242.0,161.0,177.0,195.0,207.0,18.0,-0.43946280731516124,0.924154193365633,5.835843088417635,0.0,0.12884521484375,0,0.0,0.0,0.0,2296.904992427677,1
IMG_8493 resized_448.jpg,181.49627685546875,18.49026443067594,183.0,96.0,246.0,149.0,170.0,194.0,210.0,24.0,-0.3713590209150204,0.3088174768557148,6.230396765397237,0.0,0.1475830078125,0,0.0,0.0,0.0,3224.588181912899,1
IMG_8504 resized_448.jpg,132.7330322265625,14.85586323792338,133.0,62.0,214.0,109.0,125.0,141.0,157.0,16.0,0.04102768219704241,1.983753774447706,5.873870030416512,0.0,0.000732421875,0,0.0,0.0,0.0,1826.6713743060827,1
IMG_8505 resized_448.jpg,175.5751953125,15.552926270861475,175.0,96.0,246.0,151.0,167.0,184.0,201.0,17.0,-0.12115682368875377,1.4768437369265364,5.955670928981442,0.0,0.0552978515625,0,0.0,0.0,0.0,2241.8746895454824,1
IMG_8506 resized_448.jpg,170.48028564453125,15.565389478758263,170.0,99.0,246.0,146.0,161.0,179.0,197.0,18.0,-0.008626516130207663,1.276208942845832,5.967390122811489,0.0,0.03289794921875,0,0.0,0.0,0.0,2453.571894939989,1
IMG_8507 resized_448.jpg,174.7149658203125,20.073550807962388,175.0,85.0,249.0,141.0,163.0,186.25,208.0,23.25,-0.23400785632303717,1.0276581279219172,6.331327646512345,0.0,0.08990478515625,18,0.0010986328125,0.0107421875,0.002987606994755961,2892.157515939325,1
IMG_8508 resized_448.jpg,169.01287841796875,21.98598836177275,168.0,71.0,253.0,133.0,156.0,182.0,207.0,26.0,-0.03239468534177359,0.7235361571531804,6.472653134920777,0.0,0.077392578125,123,0.00750732421875,0.05859375,0.015389455179593467,3235.637744035572,1
IMG_8509 resized_448.jpg,168.86834716796875,17.693756872917405,169.0,52.0,243.0,141.0,158.0,180.0,197.0,22.0,-0.2984283916406462,1.8238167765539197,6.149383408419811,6.103515625e-05,0.0350341796875,0,0.0,0.0,0.0,3409.772829975933,1
IMG_8510 resized_448.jpg,170.62286376953125,19.140332707002813,171.0,61.0,247.0,141.0,159.0,183.0,201.0,24.0,-0.4233132473972571,1.9524626229580138,6.255246945723577,0.0,0.05108642578125,113,0.00689697265625,0.0498046875,0.016063149813855548,3500.775177896023,1
IMG_8511 resized_448.jpg,167.27642822265625,23.246257596070713,167.0,52.0,248.0,130.0,153.0,182.0,205.0,29.0,-0.24370734059120217,0.9317637827230039,6.557459405806828,6.103515625e-05,0.07098388671875,190,0.0115966796875,0.060546875,0.019947573971771954,4262.617782577872,1
IMG_8512 resized_448.jpg,171.52508544921875,23.68273741323625,172.0,48.0,251.0,134.0,157.0,187.0,210.0,30.0,-0.25393362695610494,0.9611967801828389,6.585053162249871,0.0003662109375,0.10333251953125,235,0.01434326171875,0.06640625,0.02196375348612631,4239.054527606815,1
IMG_8513 resized_448.jpg,167.6019287109375,23.27600058668422,168.0,48.0,247.0,130.0,154.0,182.0,205.0,28.0,-0.3144134210187563,1.038805998578046,6.5546511459231915,0.00030517578125,0.07427978515625,215,0.01312255859375,0.076171875,0.02495009388246628,4703.6135622523725,1
IMG_8514 resized_448.jpg,162.075439453125,28.6874114463204,163.0,34.0,250.0,113.0,146.0,181.0,207.0,35.0,-0.5000380288882753,1.0590408108570308,6.843525910825943,0.0040283203125,0.0809326171875,695,0.04241943359375,0.150390625,0.04255612531193565,5347.485572755337,1
IMG_8515 resized_448.jpg,156.52935791015625,31.85525380143339,159.0,28.0,250.0,97.0,140.0,177.0,204.0,37.0,-0.6532256518294998,0.9817108038232214,6.9712102523710735,0.010009765625,0.06512451171875,1145,0.06988525390625,0.162109375,0.06341546859958781,6565.9362144470215,1
IMG_8516 resized_448.jpg,171.9757080078125,27.31563770479152,175.0,42.0,246.0,123.0,158.0,190.0,212.0,32.0,-0.861813773815503,1.7896765613433114,6.725309477947017,0.0018310546875,0.118408203125,557,0.03399658203125,0.076171875,0.02589552723454832,5806.759876664728,1
IMG_8517 resized_448.jpg,123.88519287109375,24.262187668788155,121.0,40.0,236.0,90.0,108.0,135.0,171.0,27.0,0.7681888844496165,1.2561792830668503,6.549815477000218,0.0018310546875,0.00732421875,789,0.04815673828125,0.119140625,0.03283254601451171,3777.4447257481515,1
IMG_8518 resized_448.jpg,181.63763427734375,24.477079464478347,180.0,88.0,254.0,145.0,165.0,196.0,227.0,31.0,0.26626053692375085,0.10852557166048449,6.6268003043732495,0.0,0.20782470703125,11,0.00067138671875,0.0107421875,0.002600269580583593,4197.252339299768,1
IMG_8519 resized_448.jpg,165.3992919921875,23.637061642523907,164.0,68.0,250.0,128.0,151.0,178.0,209.0,27.0,0.32409870577187816,0.5904559981901296,6.569915082642147,0.0,0.081298828125,36,0.002197265625,0.0126953125,0.004612901276291793,4134.004945516586,1
IMG_8520 resized_448.jpg,174.06707763671875,23.03655924016884,172.0,91.0,252.0,139.0,159.0,188.0,216.0,29.0,0.341791802484919,0.36610106357366945,6.537164005591762,0.0,0.1278076171875,17,0.00103759765625,0.0166015625,0.004018598442720098,3964.6251240819693,1
IMG_8521 resized_448.jpg,158.99932861328125,26.61790979975388,156.0,60.0,252.0,121.0,141.0,174.0,209.0,33.0,0.46780339793239256,0.39410193217230294,6.724927497447846,0.0,0.080078125,610,0.0372314453125,0.138671875,0.03850288071939971,4424.084828551859,1
IMG_8522 resized_448.jpg,162.82110595703125,26.934260451728512,162.0,39.0,252.0,120.0,147.0,179.0,208.0,32.0,-0.2562994573744476,1.0952705257119009,6.747022524472872,0.0015869140625,0.08392333984375,639,0.03900146484375,0.091796875,0.0312775847758133,4761.336696624756,1
IMG_8523 resized_448.jpg,160.85784912109375,26.27276952694381,160.0,34.0,251.0,120.0,145.0,177.0,206.0,32.0,-0.1152179027894574,0.9588436715255648,6.721564048540868,0.00177001953125,0.07208251953125,477,0.02911376953125,0.0791015625,0.02722188496191521,4724.360526647419,1
IMG_8524 resized_448.jpg,166.00994873046875,27.67211252628345,165.0,47.0,250.0,123.0,149.0,183.0,213.0,34.0,-0.1767262362674671,0.692964516630659,6.801332463480255,0.0006103515625,0.1041259765625,638,0.0389404296875,0.12890625,0.044815434943670567,4719.476359214634,1
IMG_8525 resized_448.jpg,171.8599853515625,26.98468126273401,171.0,51.0,252.0,130.0,155.0,189.0,218.0,34.0,-0.2055471269877931,0.8076462701205744,6.762057697695471,0.00048828125,0.139892578125,431,0.02630615234375,0.0986328125,0.033320444068783095,4810.994107093662,1
IMG_8526 resized_448.jpg,173.00701904296875,26.303563507145608,173.0,51.0,251.0,131.0,156.0,190.0,218.0,34.0,-0.09643598800482588,0.4825718959738352,6.740287636167963,0.00018310546875,0.1446533203125,224,0.013671875,0.1044921875,0.028185292362620726,4778.170007284731,1
IMG_8527 resized_448.jpg,165.679931640625,25.055779522803256,165.0,55.0,252.0,123.0,151.0,181.0,208.0,30.0,-0.04965771424195238,0.4117659377233074,6.672311896475631,6.103515625e-05,0.08465576171875,235,0.01434326171875,0.0830078125,0.021257678355698337,4473.556501328945,1
IMG_8528 resized_448.jpg,162.28338623046875,27.59082926852416,161.0,45.0,252.0,119.0,145.0,180.0,210.0,35.0,-0.04240181001962458,0.4778754067508384,6.804741878018015,0.00054931640625,0.0870361328125,610,0.0372314453125,0.14453125,0.042149272129113916,4574.610070168972,1
IMG_8529 resized_448.jpg,172.31134033203125,21.3714801631899,172.0,53.0,249.0,140.0,162.0,184.0,207.0,22.0,-0.6878883308955603,2.99962212586105,6.34934353152312,0.000244140625,0.07928466796875,347,0.02117919921875,0.0810546875,0.030199946138037087,2544.7712610810995,1
IMG_8530 resized_448.jpg,154.93878173828125,26.973058297242886,153.0,40.0,254.0,114.0,139.0,170.0,202.0,31.0,-0.042272103965947196,1.2851665003218216,6.732923790202464,0.00347900390625,0.05413818359375,889,0.05426025390625,0.19140625,0.05668792722555757,3832.4892471693456,1
IMG_8531 resized_448.jpg,171.55548095703125,26.845541139823748,173.0,40.0,247.0,123.0,159.0,188.0,212.0,29.0,-0.860098898143116,2.16538821703619,6.6833084122234965,0.00189208984375,0.1158447265625,439,0.02679443359375,0.109375,0.03389067393150332,3816.5797236822546,1
IMG_8532 resized_448.jpg,163.77838134765625,27.42855409964499,166.0,44.0,251.0,112.0,151.0,180.0,207.0,29.0,-0.6079651998098183,1.1922680121417129,6.738177269792415,0.000732421875,0.077392578125,447,0.02728271484375,0.107421875,0.03574050107218837,3873.0596982203424,1
IMG_8533 resized_448.jpg,170.94927978515625,26.51068343425368,173.0,48.0,249.0,120.0,159.0,187.0,211.0,28.0,-0.776669540916692,1.6214160088094234,6.674092179391221,0.00042724609375,0.10791015625,449,0.02740478515625,0.111328125,0.03223852455771182,3742.8224131427705,1
IMG_20180705_130729936 resized_448.jpg,157.233154296875,12.653103752900362,157.0,96.0,213.0,137.0,149.0,166.0,178.0,17.0,-0.11079417113468515,0.3466404332055917,5.697980534029463,0.0,0.00079345703125,0,0.0,0.0,0.0,1044.107055529952,0
IMG_20180705_130731751 resized_448.jpg,157.72039794921875,14.537402391715917,157.0,103.0,235.0,136.0,148.0,166.0,182.0,18.0,0.7004261929151471,1.812469721494061,5.842639940111733,0.0,0.0145263671875,0,0.0,0.0,0.0,922.7262716293335,0
IMG_20180705_130732496 resized_448.jpg,159.76605224609375,12.178678393540325,160.0,103.0,230.0,139.0,152.0,168.0,179.0,16.0,-0.0243131508963222,0.12104212327959196,5.646161809105446,0.0,0.00054931640625,0,0.0,0.0,0.0,1017.1551108211279,0
IMG_20180705_130732993 resized_448.jpg,160.0172119140625,12.101850349224051,160.0,111.0,226.0,140.0,152.0,168.0,180.0,16.0,0.023119909030123502,0.14345030897558875,5.637101764419029,0.0,0.001220703125,0,0.0,0.0,0.0,979.7805175632238,0
IMG_20180705_130733329 resized_448.jpg,166.1173095703125,17.910466840623894,164.0,117.0,248.0,142.0,155.0,174.0,202.0,19.0,1.0678960817897678,1.8679149353251567,6.07056610476516,0.0,0.0543212890625,0,0.0,0.0,0.0,898.6018471121788,0
IMG_20180705_130733660 resized_448.jpg,167.274658203125,17.07738883306904,166.0,118.0,250.0,143.0,156.0,176.0,198.0,20.0,1.0238882547606434,2.286636146797301,6.023642148986722,0.0,0.0439453125,33,0.00201416015625,0.0322265625,0.007800808741750778,912.7827014327049,0
IMG_20180705_130733991 resized_448.jpg,159.48101806640625,14.366225448304421,159.0,102.0,243.0,137.0,150.0,168.0,182.0,18.0,0.7078728912154114,2.611734228595493,5.821830055339056,0.0,0.01214599609375,37,0.00225830078125,0.021484375,0.006095881456127374,842.6706046462059,0
IMG_20180705_130734324 resized_448.jpg,159.19549560546875,15.7962970258843,158.0,76.0,246.0,136.0,150.0,167.0,186.0,17.0,0.7301258218061365,2.6294201184710673,5.921856745574038,0.0,0.02264404296875,0,0.0,0.0,0.0,726.3803266882896,0
IMG_20180705_130734659 resized_448.jpg,153.70513916015625,12.417040448951912,154.0,102.0,208.0,133.0,146.0,162.0,174.0,16.0,-0.07376330797787967,0.09934780261662679,5.674294769406618,0.0,0.00042724609375,0,0.0,0.0,0.0,913.5960702858865,0
IMG_20180705_130734991 resized_448.jpg,152.83172607421875,12.658996299228107,153.0,97.0,211.0,132.0,144.0,161.0,173.0,17.0,-0.00533457563682156,0.10113858965346223,5.7017741001305815,0.0,0.00079345703125,0,0.0,0.0,0.0,970.1346208900213,0
IMG_20180705_130735324 resized_448.jpg,153.21356201171875,12.388190734934597,153.0,100.0,220.0,133.0,145.0,162.0,173.0,17.0,-0.037587720793922114,0.22598977272991627,5.669475511060687,0.0,0.000732421875,0,0.0,0.0,0.0,966.5910644382238,0
IMG_20180705_130735657 resized_448.jpg,153.92108154296875,12.291868219214932,154.0,99.0,222.0,133.0,146.0,162.0,174.0,16.0,-0.03221901701661785,0.34968869527279,5.6566288911927955,0.0,0.0006103515625,0,0.0,0.0,0.0,946.489199578762,0
IMG_20180705_130735989 resized_448.jpg,155.326416015625,14.055311372575707,155.0,103.0,243.0,134.0,146.0,163.0,178.0,17.0,0.7249406349873971,2.4628967094589767,5.789701751053194,0.0,0.010009765625,0,0.0,0.0,0.0,975.8094625137746,0
IMG_20180705_130736323 resized_448.jpg,155.21697998046875,13.407765148230597,155.0,100.0,226.0,134.0,147.0,163.0,178.0,16.0,0.271386200911675,0.6985772911368704,5.772406489659553,0.0,0.00274658203125,0,0.0,0.0,0.0,985.1775021404028,0
IMG_20180705_130736655 resized_448.jpg,152.6656494140625,12.871620525758237,153.0,92.0,220.0,131.0,144.0,161.0,173.0,17.0,0.010138220366237965,0.5379132811482403,5.7218378976664654,0.0,0.0006103515625,0,0.0,0.0,0.0,1051.647338733077,0
IMG_20180705_130736987 resized_448.jpg,150.0732421875,12.782381972945524,151.0,57.0,209.0,128.0,142.0,158.25,170.0,16.25,-0.24505653543644174,0.712776222406132,5.705921300338485,6.103515625e-05,0.00048828125,0,0.0,0.0,0.0,1021.9882156513631,0
IMG_20180705_130737319 resized_448.jpg,147.82183837890625,12.669035175751368,148.0,85.0,203.0,126.0,140.0,156.0,168.0,16.0,-0.21700819276392427,0.5631206383909855,5.694350367375896,0.0,0.00018310546875,0,0.0,0.0,0.0,1056.0022998899221,0
IMG_20180705_130737652 resized_448.jpg,148.4346923828125,12.750411970714898,149.0,82.0,205.0,128.0,140.0,157.0,169.0,17.0,-0.08028793283106471,0.5280091530242799,5.707430502413654,0.0,0.00030517578125,0,0.0,0.0,0.0,1026.5522883981466,0
IMG_20180705_130737985 resized_448.jpg,150.98089599609375,12.873101300301183,151.0,87.0,213.0,130.0,143.0,159.0,172.0,16.0,0.06818645643147139,0.4444242784320944,5.723359494432785,0.0,0.00042724609375,0,0.0,0.0,0.0,1009.1044315956533,0
IMG_20180705_130738321 resized_448.jpg,150.107421875,12.30043065627517,150.0,82.0,206.0,130.0,142.0,158.0,170.0,16.0,-0.08226611725127905,0.23059892064054743,5.658351582319943,0.0,0.000244140625,0,0.0,0.0,0.0,1015.6338768005371,0
IMG_20180705_130738655 resized_448.jpg,151.7191162109375,12.523223964967224,152.0,96.0,212.0,131.0,143.0,160.0,172.0,17.0,-0.03487600542982523,0.13623013980962018,5.685994779118945,0.0,0.0003662109375,0,0.0,0.0,0.0,974.8806351982057,0
IMG_20180705_130738987 resized_448.jpg,153.89996337890625,12.419715417566797,154.0,100.0,222.0,133.0,146.0,162.0,174.0,16.0,-0.011649293409273002,0.07599384568555845,5.67344481606769,0.0,0.0003662109375,0,0.0,0.0,0.0,946.3815896511078,0
IMG_20180705_130739321 resized_448.jpg,155.4459228515625,13.218149937543902,155.0,101.0,225.0,134.0,146.0,164.0,177.0,18.0,0.17067823770852872,0.33215626345588545,5.758028841941053,0.0,0.00164794921875,0,0.0,0.0,0.0,936.2432011961937,0
IMG_20180705_130739654 resized_448.jpg,156.5902099609375,13.04295101375922,157.0,110.0,214.0,135.0,148.0,165.0,178.0,17.0,0.12251987853658643,0.06613868303362436,5.743067502623491,0.0,0.00164794921875,0,0.0,0.0,0.0,934.7138150781393,0
IMG_20180705_130739987 resized_448.jpg,155.70233154296875,12.39111578604939,156.0,111.0,217.0,135.0,147.0,164.0,176.0,17.0,0.04973673020565924,0.0060092991038769306,5.669728825418105,0.0,0.0006103515625,0,0.0,0.0,0.0,956.4359714351594,0
IMG_20180705_130740323 resized_448.jpg,156.3226318359375,12.680004155288243,157.0,100.0,213.0,135.0,148.0,165.0,176.0,17.0,-0.004341934865655685,0.07523550290320102,5.701770963927572,0.0,0.000732421875,0,0.0,0.0,0.0,963.2689978927374,0
IMG_20180705_130740656 resized_448.jpg,157.070556640625,13.664204179608348,157.0,100.0,230.0,135.0,148.0,166.0,179.0,18.0,0.2307441126452022,0.7183258337081013,5.796680523582596,0.0,0.00494384765625,0,0.0,0.0,0.0,958.1584129333496,0
IMG_20180705_130740989 resized_448.jpg,158.6240234375,13.922265146870432,159.0,105.0,232.0,136.0,149.0,167.0,181.0,18.0,0.21936396490478308,0.5555272536405655,5.829510953716515,0.0,0.00531005859375,19,0.00115966796875,0.0185546875,0.004491374730098933,1013.9560028165579,0
IMG_20180705_130741322 resized_448.jpg,167.0980224609375,22.044021364652973,164.0,115.0,255.0,140.0,155.0,173.0,211.0,18.0,1.9233780063587995,5.222233258547183,6.073151691658287,0.0,0.05975341796875,51,0.00311279296875,0.033203125,0.008742953255859259,954.8691171966493,0
IMG_20180705_130741655 resized_448.jpg,158.75262451171875,11.773565514260277,159.0,111.0,216.0,139.0,151.0,167.0,178.0,16.0,0.04175617426846224,0.05033262990158516,5.598188154411927,0.0,0.0003662109375,0,0.0,0.0,0.0,971.7586023770273,0
IMG_20180705_130741989 resized_448.jpg,162.8426513671875,15.913731424561133,162.0,113.0,244.0,140.0,152.0,171.0,191.0,19.0,0.9250186320001089,2.0265378345909024,5.942623591911348,0.0,0.02801513671875,0,0.0,0.0,0.0,870.1897076927125,0
IMG_20180705_130742323 resized_448.jpg,160.15283203125,13.246515490636074,160.0,104.0,222.0,139.0,151.0,169.0,182.0,18.0,0.16104723778297833,0.245447768852884,5.764190660545482,0.0,0.00274658203125,0,0.0,0.0,0.0,903.4761852584779,0
IMG_20180705_130742655 resized_448.jpg,166.3297119140625,21.647253182035886,163.0,106.0,255.0,138.1500000000001,152.0,176.0,206.0,24.0,1.3288479508308617,2.824072941483056,6.284043218576699,0.0,0.067138671875,0,0.0,0.0,0.0,902.0309486351907,0
IMG_20180705_130742988 resized_448.jpg,166.05950927734375,22.08362151045439,162.0,108.0,255.0,138.0,152.0,173.0,215.0,21.0,1.3711702281509308,2.3768127872900715,6.258876484429425,0.0,0.084228515625,0,0.0,0.0,0.0,933.3188451379538,0
IMG_20180705_130743321 resized_448.jpg,161.0537109375,17.91549297598849,159.0,112.0,253.0,136.0,150.0,169.0,196.0,19.0,1.1633466107807788,2.647643833607183,6.062024704714981,0.0,0.04022216796875,0,0.0,0.0,0.0,965.476283788681,0
IMG_20180705_130743653 resized_448.jpg,159.13885498046875,15.508174792917453,158.0,111.0,246.0,136.0,149.0,167.0,186.0,18.0,0.7499336260257564,1.7975821745440026,5.933287899909146,0.0,0.016357421875,0,0.0,0.0,0.0,974.9288854598999,0
IMG_20180705_130743987 resized_448.jpg,157.33160400390625,13.471032369532766,157.0,97.0,234.0,136.0,148.0,166.0,178.0,18.0,0.35571677989992156,1.1679092882386257,5.7680041905794495,0.0,0.00494384765625,23,0.00140380859375,0.0224609375,0.005436927304856603,1008.4928147792816,0
IMG_20180705_130744320 resized_448.jpg,157.10296630859375,14.146216297545815,157.0,110.0,220.0,135.0,148.0,166.0,181.0,18.0,0.2831315691348894,0.4105908787922421,5.850006566120774,0.0,0.0045166015625,0,0.0,0.0,0.0,1001.3988282345235,0
IMG_20180705_130744653 resized_448.jpg,157.87322998046875,15.611141703287329,157.0,105.0,255.0,135.0,148.0,166.0,181.0,18.0,1.0675749306343607,4.203139204966005,5.905205649098655,0.0,0.0147705078125,0,0.0,0.0,0.0,1020.2829455733299,0
IMG_20180705_130744988 resized_448.jpg,162.89251708984375,24.454290261017967,158.0,109.0,255.0,134.0,148.0,170.0,221.0,22.0,1.6922595599347814,3.5067468810904643,6.28397217714278,0.0,0.0750732421875,0,0.0,0.0,0.0,978.866723742336,0
IMG_20180705_130745320 resized_448.jpg,155.84222412109375,13.169787676938043,156.0,107.0,214.0,133.0,147.0,165.0,177.0,18.0,-0.06340307611495186,0.07504059050045164,5.754984532391892,0.0,0.00103759765625,0,0.0,0.0,0.0,1026.6986172758043,0
IMG_20180705_130745654 resized_448.jpg,157.31268310546875,13.519971132079874,158.0,108.0,222.0,134.0,148.0,166.0,179.0,18.0,-0.04046267212969176,0.11999622951131927,5.792030257496446,0.0,0.00177001953125,0,0.0,0.0,0.0,1006.8223561644554,0
IMG_20180705_130745987 resized_448.jpg,156.6993408203125,13.417288016940855,157.0,106.0,250.0,136.0,148.0,165.0,177.0,17.0,0.5752909797317229,2.8020505293108764,5.734584430609696,0.0,0.00628662109375,0,0.0,0.0,0.0,1046.2153199873865,0
IMG_20180705_130746319 resized_448.jpg,166.355224609375,25.00908110552084,162.0,109.0,255.0,137.0,152.0,173.0,228.0,21.0,1.6817889009403295,3.375160907317487,6.281080528514025,0.0,0.0838623046875,0,0.0,0.0,0.0,950.9655527435243,0
IMG_20180705_130746652 resized_448.jpg,157.6376953125,12.968913212863695,158.0,109.0,230.0,135.0,149.0,166.0,178.0,17.0,-0.1315782135830645,0.13783632109568744,5.731165977010864,0.0,0.000732421875,0,0.0,0.0,0.0,1034.2620427273214,0
IMG_20180705_130746985 resized_448.jpg,158.3546142578125,14.77953976290047,158.0,102.0,230.0,134.0,149.0,167.0,183.0,18.0,0.2118023101744621,0.41136556003629954,5.916022885705008,0.0,0.00628662109375,0,0.0,0.0,0.0,1086.9211878180504,0
IMG_20180705_130747318 resized_448.jpg,158.08172607421875,12.249899276099132,159.0,105.0,208.0,137.0,151.0,166.0,177.0,15.0,-0.19203201092160174,0.22545883459969795,5.648285584951706,0.0,0.00054931640625,0,0.0,0.0,0.0,1008.139100458473,0
IMG_20180705_130747652 resized_448.jpg,159.11151123046875,13.922333722499099,159.0,104.0,219.0,137.0,150.0,167.0,184.0,17.0,0.3156618032698868,0.48608799499405464,5.825162184437353,0.0,0.0050048828125,0,0.0,0.0,0.0,1035.9852899163961,0
IMG_20180705_130747985 resized_448.jpg,160.30804443359375,14.604758419440328,160.0,113.0,243.0,138.0,151.0,168.0,184.0,17.0,0.7934052988491929,2.687804543579201,5.828148193839034,0.0,0.017333984375,0,0.0,0.0,0.0,1004.2776409052312,0
IMG_20180705_130748317 resized_448.jpg,159.87713623046875,13.466691754783552,160.0,103.0,234.0,139.0,151.0,168.0,182.0,17.0,0.3583540485045064,1.236450795280268,5.7628952226881225,0.0,0.00830078125,0,0.0,0.0,0.0,992.2481354139745,0
IMG_20180705_130748649 resized_448.jpg,159.09326171875,13.47738334477907,159.0,100.0,237.0,138.0,151.0,167.0,180.0,16.0,0.5324539346297366,1.924126906008241,5.747508383430602,0.0,0.00970458984375,0,0.0,0.0,0.0,1022.0959193967283,0
IMG_8658 resized_448.jpg,152.9658203125,22.487864103650992,154.0,63.0,245.0,114.0,138.0,169.0,188.0,31.0,-0.2396244820327519,-0.003914420915810624,6.519965220890051,0.0,0.00921630859375,13,0.00079345703125,0.0068359375,0.0018663189515894356,5219.137613400817,0
IMG_8659 resized_448.jpg,161.863037109375,24.949791691002236,164.0,54.0,245.0,117.0,147.0,180.0,199.0,33.0,-0.4359342902611735,0.24409146942546522,6.654380290786773,0.0001220703125,0.04229736328125,0,0.0,0.0,0.0,4208.758746203035,0
IMG_8660 resized_448.jpg,150.62188720703125,26.534820816700215,152.0,50.0,250.0,105.0,133.0,169.0,192.0,36.0,-0.1870264397089158,0.004715336409300885,6.760862489679799,0.000244140625,0.02069091796875,27,0.00164794921875,0.017578125,0.0046286223119254895,5402.740566715598,0
IMG_8661 resized_448.jpg,163.06488037109375,26.27060207176889,166.0,61.0,246.0,117.0,145.0,183.0,201.0,38.0,-0.3916186330312264,-0.24494577825786346,6.712426522279998,0.0,0.05078125,59,0.00360107421875,0.0576171875,0.013946900477675635,3330.7727467380464,0
IMG_8662 resized_448.jpg,158.65069580078125,24.745928104797652,161.0,69.0,241.0,115.0,141.0,178.0,195.0,37.0,-0.3585668980663038,-0.28598153152410344,6.63150347568152,0.0,0.0216064453125,0,0.0,0.0,0.0,3318.25600682199,0
IMG_8663 resized_448.jpg,161.5732421875,22.764909302321144,164.0,73.0,242.0,121.0,146.0,178.0,195.0,32.0,-0.3625719476198864,-0.13366979716169292,6.520861247271673,0.0,0.02520751953125,0,0.0,0.0,0.0,3094.3327364325523,0
IMG_8664 resized_448.jpg,155.225830078125,20.740126764262776,156.0,72.0,233.0,120.0,142.0,170.0,188.0,28.0,-0.13582993993232548,-0.0016202980075537,6.411082601970239,0.0,0.0096435546875,0,0.0,0.0,0.0,2939.924898609519,0
IMG_8665 resized_448.jpg,157.15557861328125,19.74249886928408,158.0,60.0,228.0,122.15000000000009,145.0,171.0,188.0,26.0,-0.3052935642891592,0.20267521455318604,6.331110595013547,0.0,0.00799560546875,0,0.0,0.0,0.0,2699.259713616222,0
IMG_8666 resized_448.jpg,165.79119873046875,16.78885108285215,166.0,95.0,232.0,137.0,155.0,178.0,192.0,23.0,-0.19481461232985062,-0.019331160738807363,6.104305902769001,0.0,0.01177978515625,0,0.0,0.0,0.0,2727.490571912378,0
IMG_8667 resized_448.jpg,164.78106689453125,22.22328442290706,166.0,58.0,245.0,127.0,151.0,180.0,199.0,29.0,-0.27535413971166733,0.3447178163083162,6.5031073024452954,6.103515625e-05,0.04241943359375,0,0.0,0.0,0.0,4193.2624799869955,0
IMG_8668 resized_448.jpg,165.27142333984375,16.144621473268405,166.0,85.0,235.0,139.0,155.0,176.0,191.0,21.0,-0.1336545662355624,0.3465423737812583,6.048745565247783,0.0,0.0118408203125,16,0.0009765625,0.015625,0.0037822102990306807,2487.9123707674444,0
IMG_8669 resized_448.jpg,165.4461669921875,15.183815379153138,166.0,96.0,234.0,139.0,156.0,176.0,189.0,20.0,-0.2996586289406166,0.28918488788982666,5.953598223193547,0.0,0.00604248046875,0,0.0,0.0,0.0,2679.137414511293,0
IMG_8670 resized_448.jpg,164.79656982421875,17.82831494890888,166.0,87.0,233.0,134.0,154.0,177.0,192.0,23.0,-0.35248263386088347,0.215538027032681,6.181186410137731,0.0,0.012451171875,0,0.0,0.0,0.0,3395.7893015109003,0
IMG_8671 resized_448.jpg,162.84002685546875,22.86204448483605,164.0,83.0,247.0,123.0,148.0,179.0,198.0,31.0,-0.2263308245594262,-0.1547638322943672,6.541014476702699,0.0,0.034912109375,15,0.00091552734375,0.0146484375,0.003545822155341263,4834.470650073141,0
IMG_8672 resized_448.jpg,155.8424072265625,19.045344956649124,156.0,50.0,242.0,123.0,144.0,168.0,186.0,24.0,-0.17979995149348252,0.6846319892676909,6.2794313889131566,6.103515625e-05,0.00946044921875,0,0.0,0.0,0.0,3607.7075570486486,0
IMG_8673 resized_448.jpg,168.20074462890625,20.414821537558723,168.0,92.0,246.0,135.0,154.0,183.0,202.0,29.0,-0.045152476171671604,-0.17251068233965894,6.383018355368208,0.0,0.05657958984375,0,0.0,0.0,0.0,2937.4178418517113,0
IMG_8674 resized_448.jpg,168.05316162109375,22.4518727581008,169.0,93.0,229.0,130.0,152.0,185.0,203.0,33.0,-0.16907746754730107,-0.4728217767258629,6.510983984119756,0.0,0.07049560546875,0,0.0,0.0,0.0,2736.3646476231515,0
IMG_8675 resized_448.jpg,171.5682373046875,21.853591240699124,173.0,85.0,239.0,133.0,157.0,188.0,205.0,31.0,-0.32563834251857476,-0.22747282420370096,6.468654683636666,0.0,0.082763671875,0,0.0,0.0,0.0,2672.6753997802734,0
IMG_8676 resized_448.jpg,151.90087890625,24.88661424467903,152.0,69.0,246.0,110.0,135.0,170.0,191.0,35.0,-0.05674716945623042,-0.2158439591635264,6.670919515463679,0.0,0.01971435546875,32,0.001953125,0.01953125,0.005348853100636388,5265.557653188705,0
IMG_8677 resized_448.jpg,155.5462646484375,18.47167934182772,156.0,81.0,241.0,124.0,144.0,168.0,184.0,24.0,-0.1827460307318392,0.28614341195274484,6.241337642098442,0.0,0.0067138671875,0,0.0,0.0,0.0,3266.571435391903,0
IMG_8678 resized_448.jpg,154.096923828125,20.0586482700101,154.0,73.0,229.0,121.0,141.0,167.0,187.0,26.0,-0.05933930960593034,0.10184600204878214,6.365858902846432,0.0,0.00909423828125,0,0.0,0.0,0.0,4187.432405915111,0
IMG_8679 resized_448.jpg,151.8406982421875,24.08052062427005,155.0,61.0,231.0,106.0,138.0,168.0,188.0,30.0,-0.5241061286459283,0.11517324434457743,6.580405904852012,0.0,0.00677490234375,0,0.0,0.0,0.0,2700.105722066015,0
IMG_8680 resized_448.jpg,160.66448974609375,21.13762898574613,161.0,66.0,233.0,125.0,147.0,175.0,194.0,28.0,-0.2522772139500775,0.24687411711567542,6.434072254205601,0.0,0.02392578125,15,0.00091552734375,0.01171875,0.0028777283286441123,2527.4832572303712,0
IMG_8681 resized_448.jpg,172.563232421875,13.701892251444646,173.0,101.0,240.0,149.0,164.0,182.0,194.0,18.0,-0.18556026210635093,0.2868227509192902,5.811530719829323,0.0,0.016845703125,0,0.0,0.0,0.0,2204.6488270126283,0
IMG_8682 resized_448.jpg,166.10528564453125,13.834513403964083,166.0,108.0,227.0,143.0,157.0,175.0,189.0,18.0,0.03942084625494284,0.23982318910473532,5.830385660542053,0.0,0.0076904296875,0,0.0,0.0,0.0,2185.764606382698,0
IMG_8683 resized_448.jpg,164.1630859375,14.954415260701094,163.0,108.0,242.0,141.0,154.0,174.0,189.0,20.0,0.20622258422921189,0.17649516422995015,5.936654250688964,0.0,0.01025390625,0,0.0,0.0,0.0,1857.8288656324148,0
IMG_8684 resized_448.jpg,146.69659423828125,23.571674236070127,150.0,52.0,239.0,102.0,133.0,162.0,180.0,29.0,-0.5854792137870449,0.477876052165227,6.541047906342712,0.000732421875,0.00506591796875,19,0.00115966796875,0.0185546875,0.004491374730098933,3609.9965782165527,0
IMG_8685 resized_448.jpg,150.5152587890625,18.41213526935887,150.0,63.0,239.0,121.0,139.0,162.0,181.0,23.0,0.07491332680018552,0.39837367852822503,6.239529529162798,0.0,0.00628662109375,0,0.0,0.0,0.0,3954.564166750759,0
IMG_8686 resized_448.jpg,146.00164794921875,19.21782098158782,146.0,67.0,224.0,114.0,133.0,159.0,177.0,26.0,-0.07196359964171148,0.06111011439820002,6.304056034182174,0.0,0.0020751953125,0,0.0,0.0,0.0,6051.255086660385,0
IMG_8687 resized_448.jpg,154.02685546875,19.785341240487824,154.0,73.0,237.0,121.0,141.0,167.0,186.0,26.0,-0.06873696649496111,0.03821499729729405,6.344740771049485,0.0,0.00750732421875,0,0.0,0.0,0.0,6537.068376302719,0
IMG_8688 resized_448.jpg,149.5208740234375,24.121428528906524,150.0,63.0,241.0,108.0,133.0,166.0,188.0,33.0,-0.13503108770125766,-0.13672683853009193,6.6260939338350315,0.0,0.0113525390625,36,0.002197265625,0.0263671875,0.006591796875,8428.809429105371,0
IMG_8689 resized_448.jpg,131.318115234375,28.090408396970595,132.0,35.0,242.0,84.0,112.0,151.0,177.0,39.0,-0.030094252209797136,-0.2414542903123933,6.847719144082982,0.0035400390625,0.0047607421875,957,0.05841064453125,0.1640625,0.04644863614060297,9393.873888578266,0
IMG_8690 resized_448.jpg,149.49444580078125,21.821404061277967,150.0,69.0,240.0,113.0,135.0,164.0,185.0,29.0,-0.11356853459458603,0.07244713558561466,6.485939608982528,0.0,0.00811767578125,0,0.0,0.0,0.0,7053.09621976316,0
IMG_8691 resized_448.jpg,145.08135986328125,22.729805902678272,145.0,62.0,234.0,106.0,130.0,160.25,181.0,30.25,-0.1048154685587439,0.055513834826298236,6.543872078048843,0.0,0.00579833984375,25,0.00152587890625,0.009765625,0.003219857590114741,7376.212668504566,0
IMG_8692 resized_448.jpg,144.00750732421875,23.579494447213598,144.0,45.0,232.0,104.0,128.0,160.0,183.0,32.0,-0.04283663196805663,0.012053223268465363,6.5966485234565555,0.0001220703125,0.00762939453125,38,0.0023193359375,0.017578125,0.005268857874733212,7480.841711938381,0
IMG_8693 resized_448.jpg,139.5283203125,26.085757172387673,141.0,59.0,236.0,94.0,122.0,158.0,181.0,36.0,-0.1680786105808351,-0.22065856966011355,6.735629853466984,0.00030517578125,0.00494384765625,0,0.0,0.0,0.0,7691.251131951809,0
IMG_8694 resized_448.jpg,135.702392578125,25.56014428208265,136.0,56.0,239.0,92.0,118.0,154.0,177.0,36.0,-0.09277778598373165,-0.22569352287193079,6.709878275267625,0.00048828125,0.00299072265625,36,0.002197265625,0.021484375,0.005508063560878163,8264.484206762165,0
IMG_8695 resized_448.jpg,138.8594970703125,23.37253569774521,139.0,57.0,235.0,100.0,123.0,155.0,177.0,32.0,-0.07885969148073212,0.017451371177657826,6.58373684600806,0.00030517578125,0.00311279296875,5,0.00030517578125,0.0048828125,0.0011819407184470877,8310.691332757473,0
IMG_8696 resized_448.jpg,141.29913330078125,22.93390073580528,142.0,62.0,241.0,103.0,126.0,157.0,178.0,31.0,-0.08040210542956772,-0.0739573609308124,6.558065194569195,0.0,0.00311279296875,16,0.0009765625,0.015625,0.0037822102990306807,8520.20071112737,0
IMG_8697 resized_448.jpg,146.9853515625,22.50256669981291,147.0,66.0,244.0,108.0,132.0,163.0,183.0,31.0,-0.1219505807959176,-0.047439815894099624,6.529739995812106,0.0,0.00604248046875,0,0.0,0.0,0.0,8825.52278226614,0
IMG_8698 resized_448.jpg,133.81964111328125,26.357830561380624,133.0,43.0,234.0,91.0,116.0,152.0,178.0,36.0,0.1162945468348749,-0.15121539818136265,6.756914575169992,0.0009765625,0.00604248046875,201,0.01226806640625,0.0517578125,0.015945836112337224,8965.10564480722,0
IMG_8699 resized_448.jpg,133.43194580078125,25.96794866530241,133.0,48.0,251.0,92.0,115.0,151.0,177.0,36.0,0.10043693871382015,-0.15317976150281742,6.7336578739742645,0.0006103515625,0.0047607421875,119,0.00726318359375,0.04296875,0.012123585638160635,9279.976248681545,0
IMG_8700 resized_448.jpg,134.10186767578125,24.860446657999223,134.0,43.0,241.0,93.0,117.0,151.0,175.0,34.0,0.03962453656682766,-0.056312528514459004,6.672849816481548,0.0006103515625,0.00372314453125,88,0.00537109375,0.0263671875,0.008624766471023289,9127.1256005764,0
IMG_8701 resized_448.jpg,140.430419921875,24.943621339468546,140.0,62.0,232.0,99.0,123.0,158.0,182.0,35.0,0.08291534164172971,-0.22376851960347688,6.676406273716966,0.0,0.0081787109375,0,0.0,0.0,0.0,8444.54431079328,0
IMG_8702 resized_448.jpg,132.614990234375,24.406996925588487,132.0,47.0,250.0,94.0,116.0,148.0,173.0,32.0,0.3074283535958482,0.4533995929567487,6.632290389361701,0.00042724609375,0.00604248046875,27,0.00164794921875,0.0263671875,0.006382479879614274,8072.152863051742,0
IMG_8703 resized_448.jpg,128.53997802734375,23.934345488122915,128.0,43.0,230.0,90.0,112.0,144.0,169.0,32.0,0.14675219606728027,-0.02163224759295357,6.6171145355412655,0.0003662109375,0.00225830078125,12,0.000732421875,0.01171875,0.0028366577242730103,7981.114371951669,0
IMG_8704 resized_448.jpg,139.7918701171875,27.975739216082484,140.0,44.0,242.0,93.0,120.0,159.0,185.0,39.0,-0.058505053817298244,-0.24322933660774293,6.842474059860605,0.001220703125,0.01171875,125,0.00762939453125,0.037109375,0.010456624481645865,11070.614246901125,0
IMG_8705 resized_448.jpg,148.04925537109375,26.5641489043765,148.0,58.0,229.0,103.0,130.0,166.0,191.0,36.0,-0.05177500483768232,-0.23926539188538198,6.766541292815061,6.103515625e-05,0.02154541015625,7,0.00042724609375,0.0068359375,0.0016547170058259226,10519.353943314403,0
IMG_8706 resized_448.jpg,146.337646484375,19.773207753209626,145.0,81.0,253.0,116.0,133.0,158.0,179.0,25.0,0.4024504603450302,0.932535789638659,6.323780807002725,0.0,0.00946044921875,54,0.0032958984375,0.052734375,0.012764959759228547,5904.984776601195,0
IMG_8707 resized_448.jpg,146.850341796875,19.54796634344414,146.0,74.0,240.0,115.0,134.0,160.0,179.0,26.0,0.13759264226431284,0.1938140169063156,6.326402940906879,0.0,0.00506591796875,14,0.0008544921875,0.013671875,0.0033094340116518453,6367.6242825984955,0
IMG_8708 resized_448.jpg,145.0277099609375,20.353410454245804,144.0,75.0,239.0,113.0,131.0,158.0,179.0,27.0,0.1766759084064254,0.17949002374808698,6.381632623197955,0.0,0.00634765625,15,0.00091552734375,0.0146484375,0.003545822155341263,6659.282706912607,0
IMG_8709 resized_448.jpg,148.911865234375,19.035060831445698,149.0,77.0,238.0,118.0,136.0,161.0,181.0,25.0,0.10456595613356866,0.10305928374508255,6.289624834085281,0.0,0.005126953125,0,0.0,0.0,0.0,5806.176072344184,0
IMG_8710 resized_448.jpg,146.71258544921875,21.04001773975679,146.0,62.0,242.0,112.0,132.75,160.0,182.0,27.25,0.08644127654705164,0.10069969222629371,6.4334218523162,0.0,0.0062255859375,0,0.0,0.0,0.0,6904.6263339184225,0
IMG_8711 resized_448.jpg,146.89556884765625,21.272905735954982,147.0,69.0,239.0,112.0,133.0,161.0,182.0,28.0,0.03841910730213843,0.05260900238618982,6.4503245372544855,0.0,0.0068359375,0,0.0,0.0,0.0,7114.760541781783,0
IMG_8712 resized_448.jpg,148.013671875,19.887063545890115,148.0,77.0,238.0,115.0,135.0,161.0,181.0,26.0,0.02376530988026266,0.18338589260675775,6.351875995272367,0.0,0.0054931640625,0,0.0,0.0,0.0,6623.867886006832,0
IMG_8713 resized_448.jpg,150.12933349609375,20.046718113549957,150.0,81.0,240.0,117.0,137.0,163.0,184.0,26.0,0.04452270359077023,0.05312496736975447,6.364734950778914,0.0,0.0067138671875,0,0.0,0.0,0.0,6756.28418463096,0
IMG_8714 resized_448.jpg,146.70794677734375,20.179289045454002,147.0,71.0,231.0,114.0,133.0,160.0,180.0,27.0,0.015518080206315022,0.09978049596427674,6.372551290732342,0.0,0.0042724609375,0,0.0,0.0,0.0,6697.92459654808,0
IMG_8715 resized_448.jpg,146.854736328125,20.10490109101997,147.0,73.0,235.0,114.0,133.0,160.0,180.0,27.0,0.05548297898003345,0.0658450765428431,6.368544660642124,0.0,0.0047607421875,0,0.0,0.0,0.0,6500.3081353753805,0
IMG_8716 resized_448.jpg,148.07470703125,18.992421389245482,148.0,78.0,221.0,118.0,135.0,161.0,180.0,26.0,0.08934263622120757,0.09495307813048326,6.286617489629449,0.0,0.00396728515625,0,0.0,0.0,0.0,6145.769391354173,0
IMG_8717 resized_448.jpg,150.25518798828125,19.39448689103216,150.0,72.0,220.0,119.0,137.0,163.0,182.0,26.0,0.06089915749942505,0.07819493940602618,6.316899454835364,0.0,0.0068359375,0,0.0,0.0,0.0,6007.681083764881,0
IMG_8718 resized_448.jpg,148.4761962890625,20.0665012507374,149.0,61.0,230.0,116.0,135.0,162.0,181.0,27.0,-0.021734966144642202,0.12624770322743695,6.366982552171791,0.0,0.00506591796875,0,0.0,0.0,0.0,6336.44695186615,0
IMG_8719 resized_448.jpg,147.54754638671875,20.122581135820337,148.0,75.0,233.0,114.0,134.0,161.0,181.0,27.0,-0.0317675823901018,0.14757015625644376,6.369688929526876,0.0,0.0050048828125,0,0.0,0.0,0.0,6332.794891085476,0
IMG_8720 resized_448.jpg,149.89263916015625,20.273351927027246,150.0,70.0,247.0,116.0,137.0,163.0,183.0,26.0,-0.004869416781475863,0.2902407709538557,6.377316021183825,0.0,0.00738525390625,15,0.00091552734375,0.0146484375,0.003545822155341263,6258.756071593612,0
IMG_8721 resized_448.jpg,130.81475830078125,28.24484318366632,132.0,37.0,231.0,83.0,112.0,151.0,176.0,39.0,-0.1103438327205445,-0.2511573909691105,6.8530084244851315,0.00408935546875,0.00360107421875,247,0.01507568359375,0.05078125,0.012895473377625243,9150.68360203132,0
IMG_8722 resized_448.jpg,155.6676025390625,17.348633468288643,156.0,83.0,234.0,127.0,144.0,167.0,184.0,23.0,-0.011054221485637368,0.1940820203992928,6.156851156948155,0.0,0.00555419921875,0,0.0,0.0,0.0,4681.072721090168,0
IMG_8723 resized_448.jpg,151.67608642578125,18.134796636284776,152.0,84.0,241.0,122.0,140.0,164.0,182.0,24.0,0.03112446606742729,0.1790548375758365,6.220772597743098,0.0,0.0040283203125,0,0.0,0.0,0.0,5020.599060323089,0
IMG_8724 resized_448.jpg,150.4443359375,17.90297614455369,150.0,78.0,242.0,121.0,138.0,162.0,180.0,24.0,0.06490894397344436,0.23731971008246422,6.201108941299867,0.0,0.00408935546875,0,0.0,0.0,0.0,4828.5608070753515,0
IMG_8725 resized_448.jpg,149.86260986328125,17.851758640200934,149.0,75.0,237.0,121.0,138.0,162.0,180.0,24.0,0.05746651294544592,0.23771913335664685,6.195728550819259,0.0,0.00299072265625,0,0.0,0.0,0.0,4637.377424180508,0
IMG_8726 resized_448.jpg,150.92279052734375,18.23309183376275,151.0,74.0,234.0,121.0,139.0,163.0,181.0,24.0,-0.010105366752372724,0.2923766000126964,6.227133461497344,0.0,0.00408935546875,0,0.0,0.0,0.0,4906.6439690850675,0
IMG_8727 resized_448.jpg,149.45123291015625,18.19703666137218,149.0,74.0,225.0,120.0,138.0,162.0,179.0,24.0,-0.05922890879103991,0.256180761224841,6.222984709652723,0.0,0.00262451171875,0,0.0,0.0,0.0,5006.119686126709,0
IMG_8728 resized_448.jpg,150.3994140625,17.93341674584391,150.0,77.0,222.0,121.0,139.0,162.0,180.0,23.0,-0.056015305829712266,0.28718714002417167,6.200518141543029,0.0,0.00274658203125,0,0.0,0.0,0.0,4975.6504369825125,0
IMG_8729 resized_448.jpg,151.7203369140625,17.844606111352007,152.0,85.0,221.0,122.0,140.0,163.0,181.0,23.0,-0.03472967930826147,0.31436564221343977,6.1935827865220165,0.0,0.0037841796875,0,0.0,0.0,0.0,4937.643459822983,0
IMG_8730 resized_448.jpg,151.935302734375,17.49942001846263,152.0,81.0,223.0,123.0,141.0,163.0,181.0,22.0,0.009534531284212156,0.2449443417044841,6.1679506062902,0.0,0.00372314453125,0,0.0,0.0,0.0,4714.433708176017,0
IMG_8731 resized_448.jpg,151.8472900390625,17.581787673408822,152.0,71.0,234.0,123.0,141.0,163.0,181.0,22.0,0.03289953292806571,0.28182297170981085,6.172771076501565,0.0,0.00384521484375,12,0.000732421875,0.01171875,0.0028366577242730103,4613.965194817632,0
IMG_8747 resized_448.jpg,162.4893798828125,23.691455072728456,166.0,77.0,246.0,116.0,149.0,178.0,196.0,29.0,-0.59914165710014,0.37946334561608275,6.538712608452221,0.0,0.02947998046875,0,0.0,0.0,0.0,2454.2470022290945,0
IMG_8748 resized_448.jpg,147.99993896484375,21.30844301324286,146.0,67.0,248.0,117.0,134.0,160.0,185.0,26.0,0.4859970900658266,1.0303209689161985,6.414006035952612,0.0,0.01837158203125,109,0.00665283203125,0.0439453125,0.011157086327671076,3684.210866689682,0
IMG_8749 resized_448.jpg,156.0299072265625,18.186438411113837,154.0,92.0,247.0,130.0,143.0,166.0,190.0,23.0,0.5970473608712653,0.5272400199995424,6.175903696047971,0.0,0.019287109375,0,0.0,0.0,0.0,3249.3790268301964,0
IMG_8750 resized_448.jpg,159.42828369140625,18.358726274006436,157.0,103.0,248.0,134.0,147.0,170.0,194.0,23.0,0.7139730705427577,0.8163219992134381,6.177740691471442,0.0,0.0294189453125,0,0.0,0.0,0.0,2840.794644471258,0
IMG_8751 resized_448.jpg,157.25006103515625,17.5033906103247,156.0,75.0,249.0,131.0,146.0,167.0,189.0,21.0,0.5071136588777512,1.0911452754332442,6.130991499121114,0.0,0.01800537109375,13,0.00079345703125,0.0126953125,0.003073045867962428,2802.9045601151884,0
IMG_8752 resized_448.jpg,156.0667724609375,18.296055955007702,155.0,67.0,244.0,129.0,144.0,167.0,188.0,23.0,0.4817814312624183,0.7748562938751631,6.201507320225216,0.0,0.01812744140625,36,0.002197265625,0.0166015625,0.004961523787329486,3134.920601308346,0
IMG_8753 resized_448.jpg,158.1575927734375,21.267520774843156,156.0,79.0,253.0,128.0,143.0,170.0,197.0,27.0,0.5784269028253203,0.765769486919277,6.408873789148323,0.0,0.03985595703125,46,0.0028076171875,0.01953125,0.006018697771299341,3532.8990217112005,0
IMG_8754 resized_448.jpg,162.087646484375,18.723826360082672,160.0,62.0,250.0,135.0,150.0,172.0,196.0,22.0,0.5765817773739682,1.0468821806642783,6.219464477027374,0.0,0.035888671875,0,0.0,0.0,0.0,3231.3817667923868,0
IMG_8755 resized_448.jpg,149.64349365234375,21.33888042458793,148.0,78.0,245.0,119.0,135.0,162.0,189.0,27.0,0.6375587293302645,0.8651289916793625,6.407396917962885,0.0,0.02215576171875,31,0.00189208984375,0.0283203125,0.0068400234545199605,3647.346269723028,0
IMG_8756 resized_448.jpg,150.940673828125,21.60634742292223,148.0,84.0,251.0,121.0,136.0,163.0,192.0,27.0,0.7431159187022018,0.9507935142146047,6.407280671295849,0.0,0.0284423828125,93,0.00567626953125,0.041015625,0.011167765842020795,3478.7436852119863,0
IMG_8757 resized_448.jpg,150.3419189453125,21.183035241906115,148.0,76.0,249.0,121.0,136.0,161.0,190.0,25.0,0.8314980036813443,1.3617215216590859,6.3607906005727335,0.0,0.02752685546875,65,0.00396728515625,0.02734375,0.00802676122180664,4325.638930287212,0
IMG_8758 resized_448.jpg,155.278564453125,18.975294625969056,153.0,80.0,249.0,129.0,143.0,166.0,191.0,23.0,0.7244541582166794,1.1682778292234746,6.224224822232322,0.0,0.02362060546875,17,0.00103759765625,0.0166015625,0.004018598442720098,3646.475806172937,0
IMG_8759 resized_448.jpg,169.06622314453125,14.151534870895087,168.0,99.0,244.0,147.0,160.0,178.0,193.0,18.0,0.22763020541107928,1.0752224269643404,5.84243533263442,0.0,0.02069091796875,0,0.0,0.0,0.0,2225.900879856199,0
IMG_8760 resized_448.jpg,169.44342041015625,14.554852200491014,169.0,106.0,246.0,147.0,160.0,178.0,194.0,18.0,0.22595772740619025,0.9802306970973684,5.882130148931678,0.0,0.02593994140625,0,0.0,0.0,0.0,2147.770263671875,0
IMG_8761 resized_448.jpg,168.9105224609375,14.819126010771631,167.0,108.0,247.0,148.0,159.0,177.0,195.0,18.0,0.6180694184160203,1.3521638113474514,5.8752913021311945,0.0,0.03167724609375,0,0.0,0.0,0.0,2214.0931260585785,0
IMG_8762 resized_448.jpg,166.08380126953125,15.710445939710581,164.0,109.0,244.0,145.0,155.75,175.0,195.0,19.25,0.7862670536928956,1.3718998095282213,5.940171761132387,0.0,0.03216552734375,0,0.0,0.0,0.0,2049.6741943359375,0
IMG_8763 resized_448.jpg,173.4791259765625,14.90893757931448,172.0,115.0,246.0,152.0,163.0,182.0,200.0,19.0,0.5704540495809653,1.0381636170283732,5.8971027420722155,0.0,0.04827880859375,0,0.0,0.0,0.0,2019.5912474654615,0
IMG_8764 resized_448.jpg,174.6136474609375,13.85362758776776,174.0,119.0,241.0,154.0,165.0,183.0,199.0,18.0,0.5029932197065179,1.0137338570495453,5.796870172353216,0.0,0.04315185546875,0,0.0,0.0,0.0,1710.9561767578125,0
IMG_8765 resized_448.jpg,170.51800537109375,14.042630686159264,169.0,115.0,244.0,151.0,161.0,178.0,196.0,17.0,0.6885500431230325,1.3141895081817925,5.793412362677495,0.0,0.0335693359375,0,0.0,0.0,0.0,1655.7778321355581,0
IMG_8766 resized_448.jpg,172.89996337890625,15.463898071099226,171.0,115.0,247.0,152.0,163.0,181.0,200.84999999999854,18.0,0.9351163774531774,2.1475445253959,5.901047420961608,0.0,0.050048828125,0,0.0,0.0,0.0,1640.8149260878563,0
IMG_8767 resized_448.jpg,169.9415283203125,15.43835789646156,168.0,114.0,244.0,149.0,160.0,178.0,198.0,18.0,0.8547539696064012,1.9934828822612758,5.9030591737973515,0.0,0.038330078125,0,0.0,0.0,0.0,2047.7017615996301,0
IMG_8768 resized_448.jpg,133.520751953125,23.614644287500745,131.0,56.0,247.0,99.0,117.0,147.0,175.0,30.0,0.5379964119270012,0.7827312189340527,6.566365050347036,0.0001220703125,0.00848388671875,118,0.0072021484375,0.03515625,0.009442120917611176,4992.6695552915335,0
IMG_8769 resized_448.jpg,131.6669921875,22.78770472549153,128.0,70.0,250.0,101.0,116.0,144.0,175.0,28.0,0.9401030075985659,1.3253763072875717,6.4477109281468925,0.0,0.0106201171875,358,0.0218505859375,0.0625,0.018675959950278116,5053.603866577148,0
IMG_8770 resized_448.jpg,142.94781494140625,21.530598544683233,140.0,76.0,253.0,113.0,128.0,155.0,182.0,27.0,0.7228218825558959,1.010368547453253,6.409602649369072,0.0,0.01458740234375,103,0.00628662109375,0.025390625,0.008589925782079559,4161.977458443493,0
IMG_8771 resized_448.jpg,151.46942138671875,21.906178506195115,149.0,87.0,252.0,120.0,136.0,164.0,192.0,28.0,0.6130764807502292,0.5081358406070224,6.4462624969780435,0.0,0.02703857421875,93,0.00567626953125,0.02734375,0.010173482214176587,3443.8106596320868,0
IMG_8772 resized_448.jpg,158.36614990234375,23.704742635370877,157.0,91.0,252.0,122.0,141.0,174.0,199.0,33.0,0.2729085229891607,-0.15565974370834113,6.592119131403337,0.0,0.04449462890625,33,0.00201416015625,0.0185546875,0.00502086042921846,3916.745673891157,0
IMG_8773 resized_448.jpg,168.75140380859375,23.93371388612384,167.0,93.0,253.0,132.0,152.0,185.0,210.0,33.0,0.23581781273298313,-0.13341971962666577,6.605398781212079,0.0,0.10443115234375,0,0.0,0.0,0.0,3047.0746382325888,0
IMG_8774 resized_448.jpg,168.06671142578125,15.859105763592929,168.0,111.0,251.0,142.0,158.0,178.0,194.0,20.0,0.1376070811060537,0.3819769188011759,6.024702241764138,0.0,0.024169921875,0,0.0,0.0,0.0,2311.5703954696655,0
IMG_8775 resized_448.jpg,170.87261962890625,15.337095913420711,171.0,109.0,245.0,146.0,161.0,180.0,196.0,19.0,0.08935444694802219,0.6874484890223607,5.967800156651352,0.0,0.03106689453125,0,0.0,0.0,0.0,2142.991998538375,0
IMG_8776 resized_448.jpg,169.541015625,18.60509507730862,168.0,64.0,249.0,143.0,158.0,180.0,203.0,22.0,0.3080671968555039,1.2914094471602429,6.210754436829747,0.0,0.0589599609375,47,0.00286865234375,0.0205078125,0.006333261453906623,2648.363114502281,0
IMG_8777 resized_448.jpg,166.99530029296875,15.358589434471515,167.0,87.0,241.0,142.0,157.0,177.0,192.0,20.0,-0.05362313947383553,0.7337894626836472,5.9722059708072806,0.0,0.0177001953125,0,0.0,0.0,0.0,2025.8311576209962,0
IMG_8778 resized_448.jpg,165.189697265625,15.90626231906916,165.0,105.0,239.0,139.0,155.0,175.0,191.0,20.0,0.12244178866858206,0.37354141639907334,6.025740141151433,0.0,0.01751708984375,0,0.0,0.0,0.0,1832.5939173549414,0
IMG_8779 resized_448.jpg,129.56988525390625,14.109820516101506,130.0,77.0,217.0,107.0,121.0,138.0,152.0,17.0,0.28330675955699264,1.0399873130646027,5.836896919079394,0.0,0.000244140625,0,0.0,0.0,0.0,1785.0766563415527,0
IMG_8781 resized_448.jpg,171.85009765625,15.394562154727746,172.0,120.0,244.0,147.0,161.0,182.0,197.0,21.0,0.14640940723003595,0.0939970111908579,5.982770257525431,0.0,0.0323486328125,0,0.0,0.0,0.0,1880.8223333358765,0
IMG_8784 resized_448.jpg,151.60272216796875,26.15094442740587,149.0,77.0,250.0,112.0,133.0,168.0,199.0,35.0,0.41808776182225726,0.17075641289843757,6.721131178864926,0.0,0.0465087890625,308,0.018798828125,0.052734375,0.01546587984835142,5079.991365194321,0
IMG_8785 resized_448.jpg,156.64825439453125,24.75735011854691,155.0,66.0,252.0,119.0,141.0,171.0,201.0,30.0,0.28924243513459746,0.4866928290139705,6.64754711067487,0.0,0.050537109375,296,0.01806640625,0.064453125,0.01711424039875184,3203.1456689201295,0
IMG_8786 resized_448.jpg,155.8521728515625,24.42657549665036,155.0,50.0,250.0,115.0,141.0,170.0,197.0,29.0,0.0027969427595571977,0.921977889431485,6.621030877936207,0.0003662109375,0.03948974609375,341,0.02081298828125,0.0888671875,0.02324526149392614,2397.3893117271364,0
IMG_8787 resized_448.jpg,159.52880859375,12.717100059845155,160.0,116.0,227.0,138.0,151.0,168.0,180.0,17.0,0.10994244368231783,0.20652020255954584,5.703536415490802,0.0,0.00213623046875,0,0.0,0.0,0.0,1479.5204214453697,0
IMG_8788 resized_448.jpg,160.8297119140625,13.355314844097657,161.0,118.0,228.0,139.0,152.0,170.0,183.0,18.0,0.17559485464712118,0.22130378443691168,5.772491720721053,0.0,0.0042724609375,0,0.0,0.0,0.0,1575.9543057531118,0
IMG_8789 resized_448.jpg,167.4263916015625,13.844779933717057,168.0,108.0,228.0,144.0,158.0,176.0,189.0,18.0,-0.00040521327752584277,0.24959286743567066,5.8260535893109715,0.0,0.01080322265625,0,0.0,0.0,0.0,1499.091454681009,0
IMG_8790 resized_448.jpg,172.88958740234375,13.972907448143086,174.0,113.0,234.0,148.0,164.0,182.0,194.0,18.0,-0.2502989594676825,0.2429357287704068,5.831229810658419,0.0,0.01690673828125,0,0.0,0.0,0.0,1333.8410002849996,0
IMG_8791 resized_448.jpg,172.20477294921875,14.674703507046983,173.0,114.0,234.0,147.0,163.0,182.0,195.0,19.0,-0.16233508015497053,0.5532030720651768,5.904304363686258,0.0,0.02581787109375,0,0.0,0.0,0.0,1292.7377621792257,0
IMG_8792 resized_448.jpg,167.82867431640625,15.02867557054421,168.0,105.0,236.0,141.0,158.0,178.0,191.0,20.0,-0.10330527738705038,0.28260680119954484,5.941662984483663,0.0,0.0145263671875,0,0.0,0.0,0.0,1351.6801732629538,0
IMG_8793 resized_448.jpg,169.996826171875,16.293623527662287,172.0,107.0,229.0,140.0,160.0,181.0,194.0,21.0,-0.3961831722293653,0.11025577994209534,6.035520649559457,0.0,0.01898193359375,0,0.0,0.0,0.0,1508.5231188498437,0
IMG_8794 resized_448.jpg,177.336181640625,11.418054442682832,177.0,97.0,241.0,159.0,170.0,185.0,196.0,15.0,-0.04787284338347255,1.311070191283612,5.537191105988624,0.0,0.021240234375,19,0.00115966796875,0.01171875,0.0031872977024284444,1021.5477206371725,0
IMG_8795 resized_448.jpg,180.8619384765625,10.703660185165452,181.0,111.0,249.0,164.0,174.0,187.0,198.0,13.0,-0.021584133091544968,1.7843858204052943,5.432236141739739,0.0,0.03643798828125,0,0.0,0.0,0.0,1088.5981660448015,0
IMG_8796 resized_448.jpg,169.9476318359375,11.13423255229195,169.0,121.0,228.0,153.0,162.0,177.0,189.0,15.0,0.38071309198841524,0.6495424424267351,5.497352780452605,0.0,0.00860595703125,0,0.0,0.0,0.0,1173.8801860176027,0
IMG_8798 resized_448.jpg,169.05035400390625,13.897850030504156,169.0,117.0,222.0,146.0,159.0,179.0,191.0,20.0,-0.04613607373915185,-0.4123709650827796,5.827417619881506,0.0,0.00701904296875,0,0.0,0.0,0.0,1081.6646337509155,0
IMG_8799 resized_448.jpg,162.84619140625,13.589350047495415,162.0,114.0,217.0,141.0,153.0,172.0,185.0,19.0,0.06398771693163065,-0.21036547782665194,5.802638916098324,0.0,0.00201416015625,0,0.0,0.0,0.0,1228.3892583847046,0
IMG_8800 resized_448.jpg,161.73675537109375,13.704562767350817,161.0,109.0,221.0,140.0,152.0,171.0,185.0,19.0,0.07596046915932977,-0.1691565730481841,5.8141463158492135,0.0,0.00177001953125,0,0.0,0.0,0.0,1234.9384146891534,0
IMG_8801 resized_448.jpg,166.12115478515625,14.152288240281234,165.0,119.0,230.0,144.0,156.0,176.0,190.0,20.0,0.16565181726146455,-0.15952086706387192,5.856526631290992,0.0,0.0076904296875,0,0.0,0.0,0.0,973.9399217963219,0
IMG_8802 resized_448.jpg,167.477783203125,13.562063269461403,167.0,115.0,219.0,146.0,158.0,176.0,191.0,18.0,0.13919892822005425,-0.022897345420558324,5.799324190228315,0.0,0.008056640625,0,0.0,0.0,0.0,1281.2378405295312,0
IMG_8803 resized_448.jpg,164.58837890625,13.1611111012304,164.0,119.0,217.0,144.0,156.0,173.0,187.0,17.0,0.10966488328333472,-0.029013680474596626,5.755312452351808,0.0,0.00299072265625,0,0.0,0.0,0.0,1229.3682969659567,0
IMG_8804 resized_448.jpg,165.4552001953125,13.409024873406155,165.0,119.0,223.0,145.0,156.0,174.0,189.0,18.0,0.24469206712219033,0.06546636956361418,5.778431203764272,0.0,0.0074462890625,0,0.0,0.0,0.0,1201.1271790862083,0
IMG_8805 resized_448.jpg,172.9661865234375,12.939880487834026,173.0,124.0,229.0,152.0,164.0,181.0,195.0,17.0,0.14620764254373397,0.11229572512942321,5.732854168001536,0.0,0.02117919921875,0,0.0,0.0,0.0,1208.4740209579468,0
IMG_8806 resized_448.jpg,171.97955322265625,12.811771488267246,172.0,119.0,220.0,151.0,163.0,181.0,193.0,18.0,-0.045978059442219464,-0.15858649777440892,5.720516497515297,0.0,0.00927734375,0,0.0,0.0,0.0,1214.166619118303,0
IMG_8807 resized_448.jpg,170.9417724609375,13.919104949693056,171.0,109.0,221.0,148.0,161.0,181.0,194.0,20.0,0.012810517515390108,-0.20668673080319877,5.83893669089324,0.0,0.01519775390625,0,0.0,0.0,0.0,1172.1556961201131,0
IMG_8808 resized_448.jpg,170.0992431640625,14.63808307087029,170.0,98.0,241.0,146.0,161.0,180.0,193.0,19.0,-0.18652542705299005,0.5598469491012827,5.900614086529162,0.0,0.013916015625,33,0.00201416015625,0.029296875,0.007079815037541945,1187.7966029904783,0
IMG_8809 resized_448.jpg,166.37933349609375,13.328558761446605,166.0,118.0,218.0,145.0,157.0,176.0,188.0,19.0,-0.0012119384233133827,-0.09835036533945285,5.778945144722075,0.0,0.00445556640625,0,0.0,0.0,0.0,1121.4775981754065,0
IMG_8810 resized_448.jpg,163.9017333984375,13.645921327280538,164.0,108.0,223.0,141.0,154.0,174.0,186.0,20.0,-0.04703076612127351,-0.15748857574617725,5.81049043573426,0.0,0.0020751953125,0,0.0,0.0,0.0,1174.725836571306,0
IMG_8811 resized_448.jpg,165.6060791015625,14.363054722941484,166.0,114.0,221.0,142.0,156.0,176.0,189.0,20.0,-0.02205801298119824,-0.18552169277293373,5.8849890206764135,0.0,0.0050048828125,0,0.0,0.0,0.0,1211.7140989154577,0
IMG_8812 resized_448.jpg,173.91265869140625,14.332656757156691,174.0,115.0,231.0,151.0,164.0,184.0,197.0,20.0,-0.007639189560260122,-0.16541395227921418,5.882088037285756,0.0,0.0294189453125,0,0.0,0.0,0.0,1198.6446380615234,0
IMG_8813 resized_448.jpg,172.4461669921875,13.233463016668004,173.0,120.0,223.0,150.0,163.0,182.0,194.0,19.0,-0.051543508171318406,-0.13340397227734568,5.767676791067508,0.0,0.01434326171875,0,0.0,0.0,0.0,1214.4426600784063,0
IMG_8814 resized_448.jpg,173.6241455078125,13.304500530920542,174.0,119.0,227.0,152.0,164.0,183.0,196.0,19.0,0.03464000238763235,-0.17465923388621452,5.774241530021483,0.0,0.02093505859375,0,0.0,0.0,0.0,1155.362178310752,0
IMG_8815 resized_448.jpg,160.73382568359375,12.344393312464446,160.0,113.0,223.0,141.0,152.0,169.0,182.0,17.0,0.1808385670694011,0.2294558304144534,5.663877381010041,0.0,0.0015869140625,0,0.0,0.0,0.0,1337.2388536594808,0
IMG_8816 resized_448.jpg,160.607177734375,12.213688299550089,160.0,112.0,222.0,142.0,152.0,168.0,181.0,16.0,0.24278122479096664,0.4098849156355038,5.645507303418392,0.0,0.00244140625,0,0.0,0.0,0.0,1361.4133865498006,0
IMG_8817 resized_448.jpg,161.09814453125,12.010864892399953,161.0,112.0,221.0,142.0,153.0,169.0,181.0,16.0,0.1888009534885971,0.4137750145427104,5.62098793184344,0.0,0.002197265625,0,0.0,0.0,0.0,1379.5336661189795,0
IMG_8818 resized_448.jpg,174.17236328125,11.690620525963933,174.0,122.0,237.0,156.0,166.0,182.0,194.0,16.0,0.19119187416741387,0.5494877048284406,5.580772722070655,0.0,0.01629638671875,0,0.0,0.0,0.0,1189.3582756370306,0
IMG_8819 resized_448.jpg,177.095458984375,12.349871657839794,177.0,124.0,242.0,158.0,169.0,185.0,198.0,16.0,0.19166449977336772,0.36594642056833093,5.661615334163891,0.0,0.0338134765625,0,0.0,0.0,0.0,1194.926431760192,0
IMG_8820 resized_448.jpg,170.087890625,11.903756909410978,170.0,117.0,232.0,151.0,162.0,178.0,190.0,16.0,0.10088186505746334,0.34127061549764814,5.610805765287024,0.0,0.0069580078125,0,0.0,0.0,0.0,1284.7289009355009,0
IMG_8821 resized_448.jpg,170.15081787109375,12.249472667421852,170.0,118.0,234.0,151.0,162.0,178.0,190.0,16.0,0.0818977352640934,0.28299891759917983,5.653265352066688,0.0,0.0089111328125,0,0.0,0.0,0.0,1301.4278491586447,0
IMG_8822 resized_448.jpg,170.85791015625,12.293189605290223,171.0,116.0,238.0,151.0,163.0,179.0,191.0,16.0,0.05683639885442281,0.3200886104280638,5.6586751951973255,0.0,0.01055908203125,0,0.0,0.0,0.0,1246.8147558569908,0
IMG_8823 resized_448.jpg,170.7598876953125,12.619868131920997,171.0,114.0,233.0,150.0,162.0,179.0,191.0,17.0,0.04011461604101177,0.27459679469655285,5.696599011141062,0.0,0.0108642578125,0,0.0,0.0,0.0,1270.646600663662,0
IMG_8824 resized_448.jpg,167.0579833984375,11.943063871731393,167.0,117.0,229.0,147.0,159.0,175.0,187.0,16.0,0.05743786465253277,0.25083840881423125,5.616508765953442,0.0,0.0040283203125,0,0.0,0.0,0.0,1147.5057441554964,0
IMG_8825 resized_448.jpg,165.09600830078125,12.007891232009676,165.0,113.0,225.0,145.0,157.0,173.0,185.0,16.0,0.05980336464151036,0.23862569936905587,5.625966661458843,0.0,0.00286865234375,0,0.0,0.0,0.0,1178.4540393911302,0
